build	Set up job	﻿2026-09-05T04:13:55.8915410Z Current runner version: '2.337.0'
build	Set up job	2026-09-05T04:13:55.8930600Z ##[group]Runner Image Provisioner
build	Set up job	2026-09-05T04:13:55.8931110Z Hosted Compute Agent
build	Set up job	2026-09-05T04:13:55.8931490Z Version: 20260828.587
build	Set up job	2026-09-05T04:13:55.8931900Z Commit: abac92662cab4cc7352de4f9f9d2e2419aad9c29
build	Set up job	2026-09-05T04:13:55.8932370Z Build Date: 2026-08-28T16:44:25Z
build	Set up job	2026-09-05T04:13:55.8932820Z Worker ID: {b212ccc8-74cd-431c-80c0-d15734b94d54}
build	Set up job	2026-09-05T04:13:55.8933280Z Azure Region: westus
build	Set up job	2026-09-05T04:13:55.8933660Z ##[endgroup]
build	Set up job	2026-09-05T04:13:55.8934660Z ##[group]Operating System
build	Set up job	2026-09-05T04:13:55.8935090Z macOS
build	Set up job	2026-09-05T04:13:55.8935430Z 26.6.2
build	Set up job	2026-09-05T04:13:55.8935780Z 25G83
build	Set up job	2026-09-05T04:13:55.8936100Z ##[endgroup]
build	Set up job	2026-09-05T04:13:55.8936470Z ##[group]Runner Image
build	Set up job	2026-09-05T04:13:55.8936860Z Image: macos-26-arm64
build	Set up job	2026-09-05T04:13:55.8937230Z Version: 20260831.0337.3
build	Set up job	2026-09-05T04:13:55.8937970Z Included Software: https://github.com/actions/runner-images/blob/macos-26-arm64/20260831.0337/images/macos/macos-26-arm64-Readme.md
build	Set up job	2026-09-05T04:13:55.8939050Z Image Release: https://github.com/actions/runner-images/releases/tag/macos-26-arm64%2F20260831.0337
build	Set up job	2026-09-05T04:13:55.8939730Z ##[endgroup]
build	Set up job	2026-09-05T04:13:55.8940500Z ##[group]GITHUB_TOKEN Permissions
build	Set up job	2026-09-05T04:13:55.8941480Z Contents: read
build	Set up job	2026-09-05T04:13:55.8941850Z Metadata: read
build	Set up job	2026-09-05T04:13:55.8942210Z Packages: read
build	Set up job	2026-09-05T04:13:55.8942570Z ##[endgroup]
build	Set up job	2026-09-05T04:13:55.8943860Z Secret source: Actions
build	Set up job	2026-09-05T04:13:55.8944500Z Prepare workflow directory
build	Set up job	2026-09-05T04:13:55.9159240Z Prepare all required actions
build	Set up job	2026-09-05T04:13:55.9193210Z Getting action download info
build	Set up job	2026-09-05T04:13:56.2423500Z Download action repository 'actions/checkout@v7' (SHA:3d3c42e5aac5ba805825da76410c181273ba90b1)
build	Set up job	2026-09-05T04:13:56.5591700Z Download action repository 'maxim-lobanov/setup-xcode@v1' (SHA:ed7a3b1fda3918c0306d1b724322adc0b8cc0a90)
build	Set up job	2026-09-05T04:13:57.1011410Z Download action repository 'actions/cache@v6' (SHA:55cc8345863c7cc4c66a329aec7e433d2d1c52a9)
build	Set up job	2026-09-05T04:13:57.1967220Z Download action repository 'subosito/flutter-action@v2' (SHA:1a449444c387b1966244ae4d4f8c696479add0b2)
build	Set up job	2026-09-05T04:13:57.7058610Z Download action repository 'actions/setup-node@v7' (SHA:820762786026740c76f36085b0efc47a31fe5020)
build	Set up job	2026-09-05T04:13:57.7834130Z Download action repository 'actions/setup-java@v6' (SHA:dd06d9cba3e5552c54d9f8ea23572deb30010f7c)
build	Set up job	2026-09-05T04:13:58.6344500Z Download action repository 'gradle/actions@v6' (SHA:9c971963bec38e04b3d30dcc455b5382be2fdbfb)
build	Set up job	2026-09-05T04:13:59.8925070Z Download action repository 'actions/upload-artifact@v7' (SHA:043fb46d1a93c77aae656e7c1c64a875d1fc6a0a)
build	Set up job	2026-09-05T04:14:00.0088350Z Getting action download info
build	Set up job	2026-09-05T04:14:00.1168650Z Download action repository 'actions/cache@v5' (SHA:caa296126883cff596d87d8935842f9db880ef25)
build	Set up job	2026-09-05T04:14:00.2582350Z Complete job name: build
build	Checkout repository	﻿2026-09-05T04:14:00.2977210Z ##[group]Run actions/checkout@v7
build	Checkout repository	2026-09-05T04:14:00.2977560Z with:
build	Checkout repository	2026-09-05T04:14:00.2977740Z   repository: WebExperiments-glitch/huamei-indexTTS
build	Checkout repository	2026-09-05T04:14:00.2979750Z   token: ***
build	Checkout repository	2026-09-05T04:14:00.2979880Z   ssh-strict: true
build	Checkout repository	2026-09-05T04:14:00.2980020Z   ssh-user: git
build	Checkout repository	2026-09-05T04:14:00.2980160Z   persist-credentials: true
build	Checkout repository	2026-09-05T04:14:00.2980330Z   clean: true
build	Checkout repository	2026-09-05T04:14:00.2980480Z   sparse-checkout-cone-mode: true
build	Checkout repository	2026-09-05T04:14:00.2980660Z   fetch-depth: 1
build	Checkout repository	2026-09-05T04:14:00.2980790Z   fetch-tags: false
build	Checkout repository	2026-09-05T04:14:00.2980930Z   show-progress: true
build	Checkout repository	2026-09-05T04:14:00.2981070Z   lfs: false
build	Checkout repository	2026-09-05T04:14:00.2981200Z   submodules: false
build	Checkout repository	2026-09-05T04:14:00.2981350Z   set-safe-directory: true
build	Checkout repository	2026-09-05T04:14:00.2981520Z   allow-unsafe-pr-checkout: false
build	Checkout repository	2026-09-05T04:14:00.2981800Z ##[endgroup]
build	Checkout repository	2026-09-05T04:14:00.5946640Z Syncing repository: WebExperiments-glitch/huamei-indexTTS
build	Checkout repository	2026-09-05T04:14:00.5949810Z ##[group]Getting Git version info
build	Checkout repository	2026-09-05T04:14:00.5950170Z Working directory is '/Users/runner/work/huamei-indexTTS/huamei-indexTTS'
build	Checkout repository	2026-09-05T04:14:00.5950900Z [command]/opt/homebrew/bin/git version
build	Checkout repository	2026-09-05T04:14:00.6196890Z git version 2.55.0
build	Checkout repository	2026-09-05T04:14:00.6207700Z ##[endgroup]
build	Checkout repository	2026-09-05T04:14:00.6212690Z Copying '/Users/runner/.gitconfig' to '/Users/runner/work/_temp/cbc1db70-98e9-45f5-bf4a-a250a13927c7/.gitconfig'
build	Checkout repository	2026-09-05T04:14:00.6217450Z Temporarily overriding HOME='/Users/runner/work/_temp/cbc1db70-98e9-45f5-bf4a-a250a13927c7' before making global git config changes
build	Checkout repository	2026-09-05T04:14:00.6218230Z Adding repository directory to the temporary git global config as a safe directory
build	Checkout repository	2026-09-05T04:14:00.6221180Z [command]/opt/homebrew/bin/git config --global --add safe.directory /Users/runner/work/huamei-indexTTS/huamei-indexTTS
build	Checkout repository	2026-09-05T04:14:00.6313720Z Deleting the contents of '/Users/runner/work/huamei-indexTTS/huamei-indexTTS'
build	Checkout repository	2026-09-05T04:14:00.6315550Z ##[group]Determining repository object format
build	Checkout repository	2026-09-05T04:14:00.6316380Z ##[endgroup]
build	Checkout repository	2026-09-05T04:14:00.6316800Z ##[group]Initializing the repository
build	Checkout repository	2026-09-05T04:14:00.6319760Z [command]/opt/homebrew/bin/git init /Users/runner/work/huamei-indexTTS/huamei-indexTTS
build	Checkout repository	2026-09-05T04:14:00.6491670Z hint: Using 'master' as the name for the initial branch. This default branch name
build	Checkout repository	2026-09-05T04:14:00.6497050Z hint: will change to "main" in Git 3.0. To configure the initial branch name
build	Checkout repository	2026-09-05T04:14:00.6497660Z hint: to use in all of your new repositories, which will suppress this warning,
build	Checkout repository	2026-09-05T04:14:00.6498070Z hint: call:
build	Checkout repository	2026-09-05T04:14:00.6498290Z hint:
build	Checkout repository	2026-09-05T04:14:00.6498580Z hint: 	git config --global init.defaultBranch <name>
build	Checkout repository	2026-09-05T04:14:00.6499050Z hint:
build	Checkout repository	2026-09-05T04:14:00.6499870Z hint: Names commonly chosen instead of 'master' are 'main', 'trunk' and
build	Checkout repository	2026-09-05T04:14:00.6500900Z hint: 'development'. The just-created branch can be renamed via this command:
build	Checkout repository	2026-09-05T04:14:00.6501380Z hint:
build	Checkout repository	2026-09-05T04:14:00.6501650Z hint: 	git branch -m <name>
build	Checkout repository	2026-09-05T04:14:00.6501940Z hint:
build	Checkout repository	2026-09-05T04:14:00.6502310Z hint: Disable this message with "git config set advice.defaultBranchName false"
build	Checkout repository	2026-09-05T04:14:00.6502910Z Initialized empty Git repository in /Users/runner/work/huamei-indexTTS/huamei-indexTTS/.git/
build	Checkout repository	2026-09-05T04:14:00.6504270Z [command]/opt/homebrew/bin/git remote add origin https://github.com/WebExperiments-glitch/huamei-indexTTS
build	Checkout repository	2026-09-05T04:14:00.6570250Z ##[endgroup]
build	Checkout repository	2026-09-05T04:14:00.6570620Z ##[group]Disabling automatic garbage collection
build	Checkout repository	2026-09-05T04:14:00.6572830Z [command]/opt/homebrew/bin/git config --local gc.auto 0
build	Checkout repository	2026-09-05T04:14:00.6625490Z ##[endgroup]
build	Checkout repository	2026-09-05T04:14:00.6625810Z ##[group]Setting up auth
build	Checkout repository	2026-09-05T04:14:00.6626040Z Removing SSH command configuration
build	Checkout repository	2026-09-05T04:14:00.6629870Z [command]/opt/homebrew/bin/git config --local --name-only --get-regexp core\.sshCommand
build	Checkout repository	2026-09-05T04:14:00.6694050Z [command]/opt/homebrew/bin/git submodule foreach --recursive sh -c "git config --local --name-only --get-regexp 'core\.sshCommand' && git config --local --unset-all 'core.sshCommand' || :"
build	Checkout repository	2026-09-05T04:14:00.7391000Z Removing HTTP extra header
build	Checkout repository	2026-09-05T04:14:00.7394720Z [command]/opt/homebrew/bin/git config --local --name-only --get-regexp http\.https\:\/\/github\.com\/\.extraheader
build	Checkout repository	2026-09-05T04:14:00.7445630Z [command]/opt/homebrew/bin/git submodule foreach --recursive sh -c "git config --local --name-only --get-regexp 'http\.https\:\/\/github\.com\/\.extraheader' && git config --local --unset-all 'http.https://github.com/.extraheader' || :"
build	Checkout repository	2026-09-05T04:14:00.8070860Z Removing includeIf entries pointing to credentials config files
build	Checkout repository	2026-09-05T04:14:00.8075310Z [command]/opt/homebrew/bin/git config --local --name-only --get-regexp ^includeIf\.gitdir:
build	Checkout repository	2026-09-05T04:14:00.8130350Z [command]/opt/homebrew/bin/git submodule foreach --recursive git config --local --show-origin --name-only --get-regexp remote.origin.url
build	Checkout repository	2026-09-05T04:14:00.9311300Z [command]/opt/homebrew/bin/git config --file /Users/runner/work/_temp/git-credentials-a60bded0-cad6-409d-b765-cd7c0655a73e.config http.https://github.com/.extraheader AUTHORIZATION: basic ***
build	Checkout repository	2026-09-05T04:14:00.9375520Z [command]/opt/homebrew/bin/git config --local includeIf.gitdir:/Users/runner/work/huamei-indexTTS/huamei-indexTTS/.git.path /Users/runner/work/_temp/git-credentials-a60bded0-cad6-409d-b765-cd7c0655a73e.config
build	Checkout repository	2026-09-05T04:14:00.9377560Z [command]/opt/homebrew/bin/git config --local includeIf.gitdir:/Users/runner/work/huamei-indexTTS/huamei-indexTTS/.git/worktrees/*.path /Users/runner/work/_temp/git-credentials-a60bded0-cad6-409d-b765-cd7c0655a73e.config
build	Checkout repository	2026-09-05T04:14:00.9378910Z [command]/opt/homebrew/bin/git config --local includeIf.gitdir:/github/workspace/.git.path /github/runner_temp/git-credentials-a60bded0-cad6-409d-b765-cd7c0655a73e.config
build	Checkout repository	2026-09-05T04:14:00.9380150Z [command]/opt/homebrew/bin/git config --local includeIf.gitdir:/github/workspace/.git/worktrees/*.path /github/runner_temp/git-credentials-a60bded0-cad6-409d-b765-cd7c0655a73e.config
build	Checkout repository	2026-09-05T04:14:00.9392660Z ##[endgroup]
build	Checkout repository	2026-09-05T04:14:00.9392980Z ##[group]Fetching the repository
build	Checkout repository	2026-09-05T04:14:00.9397850Z [command]/opt/homebrew/bin/git -c protocol.version=2 fetch --no-tags --prune --no-recurse-submodules --depth=1 origin +60b0381eb27d8065ac97369b404307e0e18df485:refs/remotes/origin/master
build	Checkout repository	2026-09-05T04:14:01.6524590Z From https://github.com/WebExperiments-glitch/huamei-indexTTS
build	Checkout repository	2026-09-05T04:14:01.6525320Z  * [new ref]         60b0381eb27d8065ac97369b404307e0e18df485 -> origin/master
build	Checkout repository	2026-09-05T04:14:01.6530640Z [command]/opt/homebrew/bin/git branch --list --remote origin/master
build	Checkout repository	2026-09-05T04:14:01.6595810Z   origin/master
build	Checkout repository	2026-09-05T04:14:01.6601050Z [command]/opt/homebrew/bin/git rev-parse refs/remotes/origin/master
build	Checkout repository	2026-09-05T04:14:01.6647990Z 60b0381eb27d8065ac97369b404307e0e18df485
build	Checkout repository	2026-09-05T04:14:01.6650790Z ##[endgroup]
build	Checkout repository	2026-09-05T04:14:01.6651190Z ##[group]Determining the checkout info
build	Checkout repository	2026-09-05T04:14:01.6651540Z ##[endgroup]
build	Checkout repository	2026-09-05T04:14:01.6654280Z [command]/opt/homebrew/bin/git sparse-checkout disable
build	Checkout repository	2026-09-05T04:14:01.6722140Z [command]/opt/homebrew/bin/git config --local --unset-all extensions.worktreeConfig
build	Checkout repository	2026-09-05T04:14:01.6779400Z ##[group]Checking out the ref
build	Checkout repository	2026-09-05T04:14:01.6782040Z [command]/opt/homebrew/bin/git checkout --progress --force -B master refs/remotes/origin/master
build	Checkout repository	2026-09-05T04:14:01.6989580Z Reset branch 'master'
build	Checkout repository	2026-09-05T04:14:01.6994760Z branch 'master' set up to track 'origin/master'.
build	Checkout repository	2026-09-05T04:14:01.6997140Z ##[endgroup]
build	Checkout repository	2026-09-05T04:14:01.7068860Z [command]/opt/homebrew/bin/git log -1 --format=%H
build	Checkout repository	2026-09-05T04:14:01.7123890Z 60b0381eb27d8065ac97369b404307e0e18df485
build	Setup Xcode	﻿2026-09-05T04:14:01.7285680Z ##[group]Run maxim-lobanov/setup-xcode@v1
build	Setup Xcode	2026-09-05T04:14:01.7285920Z with:
build	Setup Xcode	2026-09-05T04:14:01.7286060Z   xcode-version: 26
build	Setup Xcode	2026-09-05T04:14:01.7286200Z ##[endgroup]
build	Setup Xcode	2026-09-05T04:14:01.7842350Z Switching Xcode to version '26'...
build	Setup Xcode	2026-09-05T04:14:01.8434020Z Xcode is set to 26.6.0 (17F113)
build	Restore DerivedData cache	﻿2026-09-05T04:14:01.9084830Z ##[group]Run actions/cache/restore@v6
build	Restore DerivedData cache	2026-09-05T04:14:01.9085100Z with:
build	Restore DerivedData cache	2026-09-05T04:14:01.9085310Z   path: DerivedData
build	Restore DerivedData cache	2026-09-05T04:14:01.9085480Z   key: deriveddata-33943990610
build	Restore DerivedData cache	2026-09-05T04:14:01.9085710Z   restore-keys: deriveddata-
build	Restore DerivedData cache	
build	Restore DerivedData cache	2026-09-05T04:14:01.9085910Z   enableCrossOsArchive: false
build	Restore DerivedData cache	2026-09-05T04:14:01.9086090Z   fail-on-cache-miss: false
build	Restore DerivedData cache	2026-09-05T04:14:01.9086270Z   lookup-only: false
build	Restore DerivedData cache	2026-09-05T04:14:01.9086420Z env:
build	Restore DerivedData cache	2026-09-05T04:14:01.9086600Z   MD_APPLE_SDK_ROOT: /Applications/Xcode_26.6.app
build	Restore DerivedData cache	2026-09-05T04:14:01.9086810Z ##[endgroup]
build	Restore DerivedData cache	2026-09-05T04:14:02.1777870Z Cache hit for restore-key: deriveddata-33942244513
build	Restore DerivedData cache	2026-09-05T04:14:03.3639500Z Received 71303168 of 420600356 (17.0%), 67.5 MBs/sec
build	Restore DerivedData cache	2026-09-05T04:14:04.3649320Z Received 176160768 of 420600356 (41.9%), 83.7 MBs/sec
build	Restore DerivedData cache	2026-09-05T04:14:05.3699810Z Received 268435456 of 420600356 (63.8%), 85.1 MBs/sec
build	Restore DerivedData cache	2026-09-05T04:14:06.3657300Z Received 402653184 of 420600356 (95.7%), 95.8 MBs/sec
build	Restore DerivedData cache	2026-09-05T04:14:06.8796970Z Received 420600356 of 420600356 (100.0%), 88.7 MBs/sec
build	Restore DerivedData cache	2026-09-05T04:14:06.8822330Z Cache Size: ~401 MB (420600356 B)
build	Restore DerivedData cache	2026-09-05T04:14:06.8932160Z [command]/opt/homebrew/bin/gtar -xf /Users/runner/work/_temp/7061f48d-5e37-4860-ab85-020a2aa3bce9/cache.tzst -P -C /Users/runner/work/huamei-indexTTS/huamei-indexTTS --delay-directory-restore --use-compress-program unzstd
build	Restore DerivedData cache	2026-09-05T04:14:10.5931540Z Cache restored successfully
build	Restore DerivedData cache	2026-09-05T04:14:10.6355850Z Cache restored from key: deriveddata-33942244513
build	Detect project type	﻿2026-09-05T04:14:10.6607300Z ##[group]Run if [ -f "pubspec.yaml" ]; then
build	Detect project type	2026-09-05T04:14:10.6607820Z [36;1mif [ -f "pubspec.yaml" ]; then[0m
build	Detect project type	2026-09-05T04:14:10.6608170Z [36;1m  echo "type=flutter" >> $GITHUB_OUTPUT[0m
build	Detect project type	2026-09-05T04:14:10.6608550Z [36;1melif [ -f "package.json" ] && grep -q '"expo"' package.json; then[0m
build	Detect project type	2026-09-05T04:14:10.6609000Z [36;1m  echo "type=expo" >> $GITHUB_OUTPUT[0m
build	Detect project type	2026-09-05T04:14:10.6609440Z [36;1melif [ -f "package.json" ] && grep -q '"react-native"' package.json; then[0m
build	Detect project type	2026-09-05T04:14:10.6609960Z [36;1m  echo "type=reactnative" >> $GITHUB_OUTPUT[0m
build	Detect project type	2026-09-05T04:14:10.6610800Z [36;1melif grep -rqlE 'kotlin\("multiplatform"\)|org\.jetbrains\.kotlin\.multiplatform|id\("org.jetbrains.kotlin.multiplatform"\)' --include='*.gradle.kts' --include='*.gradle' --include='libs.versions.toml' . 2>/dev/null; then[0m
build	Detect project type	2026-09-05T04:14:10.6611780Z [36;1m  echo "type=kmp" >> $GITHUB_OUTPUT[0m
build	Detect project type	2026-09-05T04:14:10.6612040Z [36;1melse[0m
build	Detect project type	2026-09-05T04:14:10.6612340Z [36;1m  echo "type=native" >> $GITHUB_OUTPUT[0m
build	Detect project type	2026-09-05T04:14:10.6612700Z [36;1mfi[0m
build	Detect project type	2026-09-05T04:14:10.6661820Z shell: /bin/bash -e {0}
build	Detect project type	2026-09-05T04:14:10.6662170Z env:
build	Detect project type	2026-09-05T04:14:10.6662450Z   MD_APPLE_SDK_ROOT: /Applications/Xcode_26.6.app
build	Detect project type	2026-09-05T04:14:10.6662790Z ##[endgroup]
build	Materialize missing xcconfig files	﻿2026-09-05T04:14:10.7796230Z ##[group]Run set -e
build	Materialize missing xcconfig files	2026-09-05T04:14:10.7796600Z [36;1mset -e[0m
build	Materialize missing xcconfig files	2026-09-05T04:14:10.7796970Z [36;1mfind . -path ./DerivedData -prune -o -type f \[0m
build	Materialize missing xcconfig files	2026-09-05T04:14:10.7797460Z [36;1m  \( -name '*.xcconfig.template' -o -name '*.xcconfig.example' \[0m
build	Materialize missing xcconfig files	2026-09-05T04:14:10.7797980Z [36;1m     -o -name '*.xcconfig.sample' -o -name '*.template.xcconfig' \[0m
build	Materialize missing xcconfig files	2026-09-05T04:14:10.7798670Z [36;1m     -o -name '*.example.xcconfig' -o -name '*.sample.xcconfig' \) -print \[0m
build	Materialize missing xcconfig files	2026-09-05T04:14:10.7799170Z [36;1m| while IFS= read -r template; do[0m
build	Materialize missing xcconfig files	2026-09-05T04:14:10.7799460Z [36;1m    case "$template" in[0m
build	Materialize missing xcconfig files	2026-09-05T04:14:10.7799970Z [36;1m      *.xcconfig.template|*.xcconfig.example|*.xcconfig.sample) target="${template%.*}" ;;[0m
build	Materialize missing xcconfig files	2026-09-05T04:14:10.7800640Z [36;1m      *) target="$(dirname "$template")/$(basename "$template" | sed -E 's/\.(template|example|sample)\.xcconfig$/.xcconfig/')" ;;[0m
build	Materialize missing xcconfig files	2026-09-05T04:14:10.7801050Z [36;1m    esac[0m
build	Materialize missing xcconfig files	2026-09-05T04:14:10.7801270Z [36;1m    if [ ! -f "$target" ]; then[0m
build	Materialize missing xcconfig files	2026-09-05T04:14:10.7801680Z [36;1m      cp "$template" "$target"[0m
build	Materialize missing xcconfig files	2026-09-05T04:14:10.7802270Z [36;1m      echo "::warning::$target was missing (gitignored?); copied $template over it. Any placeholder values in it are what the build sees."[0m
build	Materialize missing xcconfig files	2026-09-05T04:14:10.7821500Z [36;1m    fi[0m
build	Materialize missing xcconfig files	2026-09-05T04:14:10.7821780Z [36;1m  done[0m
build	Materialize missing xcconfig files	2026-09-05T04:14:10.7851860Z shell: /bin/bash -e {0}
build	Materialize missing xcconfig files	2026-09-05T04:14:10.7852110Z env:
build	Materialize missing xcconfig files	2026-09-05T04:14:10.7852380Z   MD_APPLE_SDK_ROOT: /Applications/Xcode_26.6.app
build	Materialize missing xcconfig files	2026-09-05T04:14:10.7852720Z ##[endgroup]
build	Generate Xcode project (XcodeGen)	﻿2026-09-05T04:14:10.8417980Z ##[group]Run set -e
build	Generate Xcode project (XcodeGen)	2026-09-05T04:14:10.8418320Z [36;1mset -e[0m
build	Generate Xcode project (XcodeGen)	2026-09-05T04:14:10.8418490Z [36;1mcd "$IOS_PATH"[0m
build	Generate Xcode project (XcodeGen)	2026-09-05T04:14:10.8418770Z [36;1m[0m
build	Generate Xcode project (XcodeGen)	2026-09-05T04:14:10.8419090Z [36;1m# Projects generated by XcodeGen usually keep the .xcodeproj out of git,[0m
build	Generate Xcode project (XcodeGen)	2026-09-05T04:14:10.8419660Z [36;1m# so the checkout has a project.yml manifest but nothing to build.[0m
build	Generate Xcode project (XcodeGen)	2026-09-05T04:14:10.8419970Z [36;1mMANIFEST=""[0m
build	Generate Xcode project (XcodeGen)	2026-09-05T04:14:10.8420170Z [36;1mfor f in project.yml project.yaml; do[0m
build	Generate Xcode project (XcodeGen)	2026-09-05T04:14:10.8420530Z [36;1m  if [ -f "$f" ] && grep -qE '^targets:' "$f"; then[0m
build	Generate Xcode project (XcodeGen)	2026-09-05T04:14:10.8420780Z [36;1m    MANIFEST="$f"[0m
build	Generate Xcode project (XcodeGen)	2026-09-05T04:14:10.8421010Z [36;1m    break[0m
build	Generate Xcode project (XcodeGen)	2026-09-05T04:14:10.8421180Z [36;1m  fi[0m
build	Generate Xcode project (XcodeGen)	2026-09-05T04:14:10.8421320Z [36;1mdone[0m
build	Generate Xcode project (XcodeGen)	2026-09-05T04:14:10.8426350Z [36;1m[0m
build	Generate Xcode project (XcodeGen)	2026-09-05T04:14:10.8426640Z [36;1mif [ -z "$MANIFEST" ]; then[0m
build	Generate Xcode project (XcodeGen)	2026-09-05T04:14:10.8426920Z [36;1m  echo "No XcodeGen manifest — skipping."[0m
build	Generate Xcode project (XcodeGen)	2026-09-05T04:14:10.8427380Z [36;1melif [ -n "$(find . -maxdepth 1 -name '*.xcodeproj' -print -quit)" ]; then[0m
build	Generate Xcode project (XcodeGen)	2026-09-05T04:14:10.8427950Z [36;1m  echo "Found a committed .xcodeproj — skipping generation."[0m
build	Generate Xcode project (XcodeGen)	2026-09-05T04:14:10.8428240Z [36;1melse[0m
build	Generate Xcode project (XcodeGen)	2026-09-05T04:14:10.8428560Z [36;1m  echo "Found $MANIFEST and no .xcodeproj — generating with XcodeGen."[0m
build	Generate Xcode project (XcodeGen)	2026-09-05T04:14:10.8428880Z [36;1m  brew install xcodegen[0m
build	Generate Xcode project (XcodeGen)	2026-09-05T04:14:10.8429220Z [36;1m  xcodegen generate[0m
build	Generate Xcode project (XcodeGen)	2026-09-05T04:14:10.8429530Z [36;1mfi[0m
build	Generate Xcode project (XcodeGen)	2026-09-05T04:14:10.8456800Z shell: /bin/bash -e {0}
build	Generate Xcode project (XcodeGen)	2026-09-05T04:14:10.8457120Z env:
build	Generate Xcode project (XcodeGen)	2026-09-05T04:14:10.8457410Z   MD_APPLE_SDK_ROOT: /Applications/Xcode_26.6.app
build	Generate Xcode project (XcodeGen)	2026-09-05T04:14:10.8457640Z   IOS_PATH: ios
build	Generate Xcode project (XcodeGen)	2026-09-05T04:14:10.8457900Z ##[endgroup]
build	Generate Xcode project (XcodeGen)	2026-09-05T04:14:10.9095820Z Found project.yml and no .xcodeproj — generating with XcodeGen.
build	Generate Xcode project (XcodeGen)	2026-09-05T04:14:13.0273450Z [32m==>[0m [1mDownloading bottle manifests[0m
build	Generate Xcode project (XcodeGen)	2026-09-05T04:14:13.0680410Z ✔︎ Bottle Manifest xcodegen (2.46.0)
build	Generate Xcode project (XcodeGen)	2026-09-05T04:14:13.0680890Z [34m==>[0m [1mWould install 1 formula:[0m
build	Generate Xcode project (XcodeGen)	2026-09-05T04:14:13.0782240Z [32m==>[0m [1mFetching downloads for: [32mxcodegen[39m[0m
build	Generate Xcode project (XcodeGen)	2026-09-05T04:14:13.0782850Z xcodegen
build	Generate Xcode project (XcodeGen)	2026-09-05T04:14:13.4102670Z ✔︎ Bottle xcodegen (2.46.0)
build	Generate Xcode project (XcodeGen)	2026-09-05T04:14:13.4494030Z [34m==>[0m [1mPouring xcodegen--2.46.0.arm64_tahoe.bottle.1.tar.gz[0m
build	Generate Xcode project (XcodeGen)	2026-09-05T04:14:13.6185900Z 🍺  /opt/homebrew/Cellar/xcodegen/2.46.0: 38 files, 7.4MB
build	Generate Xcode project (XcodeGen)	2026-09-05T04:14:13.6396370Z ⚙️  Generating plists...
build	Generate Xcode project (XcodeGen)	2026-09-05T04:14:13.6397250Z ⚙️  Generating project...
build	Generate Xcode project (XcodeGen)	2026-09-05T04:14:13.6522460Z ⚙️  Writing project...
build	Generate Xcode project (XcodeGen)	2026-09-05T04:14:13.6632490Z Created project at /Users/runner/work/huamei-indexTTS/huamei-indexTTS/ios/HuameiIndexTTS.xcodeproj
build	Check base configuration files	﻿2026-09-05T04:14:13.6668580Z ##[group]Run set -e
build	Check base configuration files	2026-09-05T04:14:13.6668820Z [36;1mset -e[0m
build	Check base configuration files	2026-09-05T04:14:13.6669000Z [36;1mMISSING=""[0m
build	Check base configuration files	2026-09-05T04:14:13.6669360Z [36;1mfor pbx in $(find "$IOS_PATH" -maxdepth 2 -name project.pbxproj -not -path '*/Pods.xcodeproj/*'); do[0m
build	Check base configuration files	2026-09-05T04:14:13.6669920Z [36;1m  for id in $(grep -o 'baseConfigurationReference = [A-Za-z0-9]*' "$pbx" | awk '{print $3}' | sort -u); do[0m
build	Check base configuration files	2026-09-05T04:14:13.6670420Z [36;1m    ref=$(grep -m1 "^[[:space:]]*$id .*isa = PBXFileReference" "$pbx" || true)[0m
build	Check base configuration files	2026-09-05T04:14:13.6670840Z [36;1m    name=$(printf '%s' "$ref" | sed -n 's/.*[ \t]path = "\{0,1\}\([^";]*\)"\{0,1\};.*/\1/p')[0m
build	Check base configuration files	2026-09-05T04:14:13.6671170Z [36;1m    [ -n "$name" ] || continue[0m
build	Check base configuration files	2026-09-05T04:14:13.6671380Z [36;1m    base=$(basename "$name")[0m
build	Check base configuration files	2026-09-05T04:14:13.6671680Z [36;1m    # CocoaPods writes its xcconfigs during pod install and Flutter[0m
build	Check base configuration files	2026-09-05T04:14:13.6672080Z [36;1m    # writes Generated.xcconfig during pub get — both happen later in[0m
build	Check base configuration files	2026-09-05T04:14:13.6672470Z [36;1m    # this job, so they are legitimately absent right now.[0m
build	Check base configuration files	2026-09-05T04:14:13.6672830Z [36;1m    case "$name" in *Pods/*|*"Target Support Files"*) continue ;; esac[0m
build	Check base configuration files	2026-09-05T04:14:13.6673190Z [36;1m    case "$base" in Pods-*|Generated.xcconfig) continue ;; esac[0m
build	Check base configuration files	2026-09-05T04:14:13.6673510Z [36;1m    if [ -z "$(find . -name "$base" -print -quit)" ]; then[0m
build	Check base configuration files	2026-09-05T04:14:13.6673790Z [36;1m      MISSING="$MISSING $base"[0m
build	Check base configuration files	2026-09-05T04:14:13.6673990Z [36;1m    fi[0m
build	Check base configuration files	2026-09-05T04:14:13.6674140Z [36;1m  done[0m
build	Check base configuration files	2026-09-05T04:14:13.6674290Z [36;1mdone[0m
build	Check base configuration files	2026-09-05T04:14:13.6674440Z [36;1mif [ -n "$MISSING" ]; then[0m
build	Check base configuration files	2026-09-05T04:14:13.6675120Z [36;1m  echo "::error::The project has base configuration files that are not in the repository:$MISSING. They are probably gitignored — commit them, or commit a <name>.xcconfig.template next to each so the build can fill them in."[0m
build	Check base configuration files	2026-09-05T04:14:13.6675780Z [36;1m  exit 1[0m
build	Check base configuration files	2026-09-05T04:14:13.6675930Z [36;1mfi[0m
build	Check base configuration files	2026-09-05T04:14:13.6704810Z shell: /bin/bash -e {0}
build	Check base configuration files	2026-09-05T04:14:13.6705420Z env:
build	Check base configuration files	2026-09-05T04:14:13.6705590Z   MD_APPLE_SDK_ROOT: /Applications/Xcode_26.6.app
build	Check base configuration files	2026-09-05T04:14:13.6705830Z   IOS_PATH: ios
build	Check base configuration files	2026-09-05T04:14:13.6706050Z ##[endgroup]
build	Restore Pods cache	﻿2026-09-05T04:14:13.9554600Z ##[group]Run actions/cache@v6
build	Restore Pods cache	2026-09-05T04:14:13.9554820Z with:
build	Restore Pods cache	2026-09-05T04:14:13.9554980Z   path: ios/Pods
build	Restore Pods cache	~/.cocoapods/repos
build	Restore Pods cache	
build	Restore Pods cache	2026-09-05T04:14:13.9555190Z   key: pods-macOS-
build	Restore Pods cache	2026-09-05T04:14:13.9555370Z   restore-keys: pods-macOS-
build	Restore Pods cache	
build	Restore Pods cache	2026-09-05T04:14:13.9555570Z   enableCrossOsArchive: false
build	Restore Pods cache	2026-09-05T04:14:13.9555770Z   fail-on-cache-miss: false
build	Restore Pods cache	2026-09-05T04:14:13.9555950Z   lookup-only: false
build	Restore Pods cache	2026-09-05T04:14:13.9556130Z   save-always: false
build	Restore Pods cache	2026-09-05T04:14:13.9556270Z env:
build	Restore Pods cache	2026-09-05T04:14:13.9556430Z   MD_APPLE_SDK_ROOT: /Applications/Xcode_26.6.app
build	Restore Pods cache	2026-09-05T04:14:13.9556670Z ##[endgroup]
build	Restore Pods cache	2026-09-05T04:14:14.2192840Z Cache not found for input keys: pods-macOS-, pods-macOS-
build	Build IPA	﻿2026-09-05T04:14:14.2256980Z ##[group]Run set -e
build	Build IPA	2026-09-05T04:14:14.2258330Z [36;1mset -e[0m
build	Build IPA	2026-09-05T04:14:14.2258580Z [36;1m[0m
build	Build IPA	2026-09-05T04:14:14.2258810Z [36;1m# Navigate to iOS project[0m
build	Build IPA	2026-09-05T04:14:14.2259120Z [36;1mcd "$IOS_PATH"[0m
build	Build IPA	2026-09-05T04:14:14.2259350Z [36;1m[0m
build	Build IPA	2026-09-05T04:14:14.2259570Z [36;1m# Find workspace or project[0m
build	Build IPA	2026-09-05T04:14:14.2259990Z [36;1m# 本仓库为 SwiftPM + XcodeGen（无 .xcodeproj 入库）：CI 的 find 探测[0m
build	Build IPA	2026-09-05T04:14:14.2260430Z [36;1m# 在 macOS runner 上行为不可靠，这里直接强制生成并写死工程绝对路径。[0m
build	Build IPA	2026-09-05T04:14:14.2260880Z [36;1mcommand -v xcodegen >/dev/null 2>&1 || brew install xcodegen[0m
build	Build IPA	2026-09-05T04:14:14.2261410Z [36;1mecho "Regenerating project with xcodegen (deterministic)..."[0m
build	Build IPA	2026-09-05T04:14:14.2261820Z [36;1mxcodegen generate[0m
build	Build IPA	2026-09-05T04:14:14.2262100Z [36;1mWORKSPACE=""[0m
build	Build IPA	2026-09-05T04:14:14.2262410Z [36;1mPROJECT="$(pwd)/HuameiIndexTTS.xcodeproj"[0m
build	Build IPA	2026-09-05T04:14:14.2262780Z [36;1mecho "Using project: $PROJECT"[0m
build	Build IPA	2026-09-05T04:14:14.2263080Z [36;1m[0m
build	Build IPA	2026-09-05T04:14:14.2263510Z [36;1m# Install pods if Podfile exists (always run to ensure sync with Podfile.lock)[0m
build	Build IPA	2026-09-05T04:14:14.2264040Z [36;1mif [ -f "Podfile" ]; then[0m
build	Build IPA	2026-09-05T04:14:14.2264340Z [36;1m  echo "Running pod install..."[0m
build	Build IPA	2026-09-05T04:14:14.2264650Z [36;1m  pod install[0m
build	Build IPA	2026-09-05T04:14:14.2265040Z [36;1m  WORKSPACE=$(find . -maxdepth 1 -name "*.xcworkspace" | head -1)[0m
build	Build IPA	2026-09-05T04:14:14.2265430Z [36;1mfi[0m
build	Build IPA	2026-09-05T04:14:14.2265640Z [36;1m[0m
build	Build IPA	2026-09-05T04:14:14.2265940Z [36;1m# Determine scheme (only needed for native projects)[0m
build	Build IPA	2026-09-05T04:14:14.2266400Z [36;1mif [ -z "$SCHEME" ] && [ "$PROJECT_TYPE" = "native" ]; then[0m
build	Build IPA	2026-09-05T04:14:14.2266800Z [36;1m  if [ -n "$WORKSPACE" ]; then[0m
build	Build IPA	2026-09-05T04:14:14.2267120Z [36;1m    TARGET_FLAG=-workspace[0m
build	Build IPA	2026-09-05T04:14:14.2267420Z [36;1m    TARGET_PATH=$WORKSPACE[0m
build	Build IPA	2026-09-05T04:14:14.2267770Z [36;1m    BASE=$(basename "$WORKSPACE" .xcworkspace)[0m
build	Build IPA	2026-09-05T04:14:14.2268100Z [36;1m  else[0m
build	Build IPA	2026-09-05T04:14:14.2268350Z [36;1m    TARGET_FLAG=-project[0m
build	Build IPA	2026-09-05T04:14:14.2268660Z [36;1m    TARGET_PATH=$PROJECT[0m
build	Build IPA	2026-09-05T04:14:14.2268980Z [36;1m    BASE=$(basename "$PROJECT" .xcodeproj)[0m
build	Build IPA	2026-09-05T04:14:14.2269330Z [36;1m  fi[0m
build	Build IPA	2026-09-05T04:14:14.2269530Z [36;1m[0m
build	Build IPA	2026-09-05T04:14:14.2270090Z [36;1m  SCHEMES=$(xcodebuild "$TARGET_FLAG" "$TARGET_PATH" -list -json 2>/dev/null | jq -r '(.workspace // .project).schemes[]?' || true)[0m
build	Build IPA	2026-09-05T04:14:14.2270760Z [36;1m  if [ -z "$SCHEMES" ]; then[0m
build	Build IPA	2026-09-05T04:14:14.2271450Z [36;1m    SCHEMES=$(xcodebuild "$TARGET_FLAG" "$TARGET_PATH" -list 2>/dev/null | sed -n '/Schemes:/,$p' | tail -n +2 | sed 's/^[[:space:]]*//' | sed '/^$/d' || true)[0m
build	Build IPA	2026-09-05T04:14:14.2272130Z [36;1m  fi[0m
build	Build IPA	2026-09-05T04:14:14.2272360Z [36;1m  echo "Schemes:"[0m
build	Build IPA	2026-09-05T04:14:14.2272670Z [36;1m  printf '%s\n' "$SCHEMES" | sed 's/^/  /'[0m
build	Build IPA	2026-09-05T04:14:14.2272990Z [36;1m[0m
build	Build IPA	2026-09-05T04:14:14.2273300Z [36;1m  # In a workspace, the scheme list also holds package and pod[0m
build	Build IPA	2026-09-05T04:14:14.2274190Z [36;1m  # schemes, and they sort ahead of the app as often as not. The[0m
build	Build IPA	2026-09-05T04:14:14.2274740Z [36;1m  # scheme named after the project is the app in nearly every repo.[0m
build	Build IPA	2026-09-05T04:14:14.2275280Z [36;1m  SCHEME=$(printf '%s\n' "$SCHEMES" | grep -Fx "$BASE" | head -1 || true)[0m
build	Build IPA	2026-09-05T04:14:14.2275740Z [36;1m  if [ -z "$SCHEME" ]; then[0m
build	Build IPA	2026-09-05T04:14:14.2276200Z [36;1m    SCHEME=$(printf '%s\n' "$SCHEMES" | grep -v '^Pods-' | while IFS= read -r s; do[0m
build	Build IPA	2026-09-05T04:14:14.2276670Z [36;1m      [ -n "$s" ] || continue[0m
build	Build IPA	2026-09-05T04:14:14.2277090Z [36;1m      # A scheme that belongs to a local Swift package is not the app.[0m
build	Build IPA	2026-09-05T04:14:14.2277690Z [36;1m      [ -z "$(find . -maxdepth 4 -path "*/$s/Package.swift" -print -quit)" ] || continue[0m
build	Build IPA	2026-09-05T04:14:14.2278180Z [36;1m      printf '%s\n' "$s"[0m
build	Build IPA	2026-09-05T04:14:14.2278450Z [36;1m      break[0m
build	Build IPA	2026-09-05T04:14:14.2279040Z [36;1m    done)[0m
build	Build IPA	2026-09-05T04:14:14.2279270Z [36;1m  fi[0m
build	Build IPA	2026-09-05T04:14:14.2279650Z [36;1m  echo "Building with scheme: $SCHEME (configuration: $CONFIGURATION)"[0m
build	Build IPA	2026-09-05T04:14:14.2280070Z [36;1mfi[0m
build	Build IPA	2026-09-05T04:14:14.2280280Z [36;1m[0m
build	Build IPA	2026-09-05T04:14:14.2280530Z [36;1mif [ "$PROJECT_TYPE" = "native" ]; then[0m
build	Build IPA	2026-09-05T04:14:14.2280930Z [36;1m  if [ -z "$WORKSPACE" ] && [ -z "$PROJECT" ]; then[0m
build	Build IPA	2026-09-05T04:14:14.2281710Z [36;1m    echo "::error::No .xcworkspace or .xcodeproj found in '$IOS_PATH'. If the project is generated (XcodeGen/Tuist), commit it or add a generation step."[0m
build	Build IPA	2026-09-05T04:14:14.2282350Z [36;1m    exit 1[0m
build	Build IPA	2026-09-05T04:14:14.2282560Z [36;1m  fi[0m
build	Build IPA	2026-09-05T04:14:14.2282760Z [36;1m  if [ -z "$SCHEME" ]; then[0m
build	Build IPA	2026-09-05T04:14:14.2283410Z [36;1m    echo "::error::Could not determine a scheme. Pass one via the 'scheme' input, or make sure the project has a shared scheme."[0m
build	Build IPA	2026-09-05T04:14:14.2283990Z [36;1m    exit 1[0m
build	Build IPA	2026-09-05T04:14:14.2284190Z [36;1m  fi[0m
build	Build IPA	2026-09-05T04:14:14.2284380Z [36;1mfi[0m
build	Build IPA	2026-09-05T04:14:14.2284560Z [36;1m[0m
build	Build IPA	2026-09-05T04:14:14.2284800Z [36;1m# Use custom DerivedData path for caching[0m
build	Build IPA	2026-09-05T04:14:14.2285200Z [36;1mDERIVED_DATA_PATH="${GITHUB_WORKSPACE}/DerivedData"[0m
build	Build IPA	2026-09-05T04:14:14.2285520Z [36;1m[0m
build	Build IPA	2026-09-05T04:14:14.2285740Z [36;1mif [ "$PROJECT_TYPE" = "flutter" ]; then[0m
build	Build IPA	2026-09-05T04:14:14.2286050Z [36;1m  cd "$GITHUB_WORKSPACE"[0m
build	Build IPA	2026-09-05T04:14:14.2286350Z [36;1m  if [ "$CONFIGURATION" = "Debug" ]; then[0m
build	Build IPA	2026-09-05T04:14:14.2286710Z [36;1m    echo "Building Flutter iOS Debug..."[0m
build	Build IPA	2026-09-05T04:14:14.2287050Z [36;1m    flutter build ios --debug --no-codesign[0m
build	Build IPA	2026-09-05T04:14:14.2287360Z [36;1m  else[0m
build	Build IPA	2026-09-05T04:14:14.2287610Z [36;1m    echo "Building Flutter iOS Release..."[0m
build	Build IPA	2026-09-05T04:14:14.2287960Z [36;1m    flutter build ios --release --no-codesign[0m
build	Build IPA	2026-09-05T04:14:14.2288260Z [36;1m  fi[0m
build	Build IPA	2026-09-05T04:14:14.2288450Z [36;1m  cd "$IOS_PATH"[0m
build	Build IPA	2026-09-05T04:14:14.2288760Z [36;1m[0m
build	Build IPA	2026-09-05T04:14:14.2299910Z [36;1m  if [ "$USE_SIGNING" = "true" ]; then[0m
build	Build IPA	2026-09-05T04:14:14.2300360Z [36;1m    # 'flutter build ios' never signs, so archive the Runner project it[0m
build	Build IPA	2026-09-05T04:14:14.2300840Z [36;1m    # generated. The IPA step below exports build/App.xcarchive[0m
build	Build IPA	2026-09-05T04:14:14.2301210Z [36;1m    # whenever signing is on.[0m
build	Build IPA	2026-09-05T04:14:14.2301490Z [36;1m    ARCHIVE_CMD="xcodebuild"[0m
build	Build IPA	2026-09-05T04:14:14.2301780Z [36;1m    if [ -n "$WORKSPACE" ]; then[0m
build	Build IPA	2026-09-05T04:14:14.2302140Z [36;1m      ARCHIVE_CMD="$ARCHIVE_CMD -workspace '$WORKSPACE'"[0m
build	Build IPA	2026-09-05T04:14:14.2302500Z [36;1m    elif [ -n "$PROJECT" ]; then[0m
build	Build IPA	2026-09-05T04:14:14.2302830Z [36;1m      ARCHIVE_CMD="$ARCHIVE_CMD -project '$PROJECT'"[0m
build	Build IPA	2026-09-05T04:14:14.2303130Z [36;1m    else[0m
build	Build IPA	2026-09-05T04:14:14.2303530Z [36;1m      echo "::error::Signing requested but no Runner workspace/project found in '$IOS_PATH'."[0m
build	Build IPA	2026-09-05T04:14:14.2303980Z [36;1m      exit 1[0m
build	Build IPA	2026-09-05T04:14:14.2304170Z [36;1m    fi[0m
build	Build IPA	2026-09-05T04:14:14.2304560Z [36;1m[0m
build	Build IPA	2026-09-05T04:14:14.2304840Z [36;1m    ARCHIVE_CMD="$ARCHIVE_CMD -scheme '${SCHEME:-Runner}'"[0m
build	Build IPA	2026-09-05T04:14:14.2305300Z [36;1m    ARCHIVE_CMD="$ARCHIVE_CMD -configuration '$CONFIGURATION'"[0m
build	Build IPA	2026-09-05T04:14:14.2305780Z [36;1m    ARCHIVE_CMD="$ARCHIVE_CMD -destination 'generic/platform=iOS'"[0m
build	Build IPA	2026-09-05T04:14:14.2306280Z [36;1m    ARCHIVE_CMD="$ARCHIVE_CMD -derivedDataPath '$DERIVED_DATA_PATH'"[0m
build	Build IPA	2026-09-05T04:14:14.2306770Z [36;1m    ARCHIVE_CMD="$ARCHIVE_CMD COMPILER_INDEX_STORE_ENABLE=NO"[0m
build	Build IPA	2026-09-05T04:14:14.2307240Z [36;1m    ARCHIVE_CMD="$ARCHIVE_CMD DEVELOPMENT_TEAM='$DEVELOPMENT_TEAM'"[0m
build	Build IPA	2026-09-05T04:14:14.2307670Z [36;1m    ARCHIVE_CMD="$ARCHIVE_CMD CODE_SIGN_STYLE=Manual"[0m
build	Build IPA	2026-09-05T04:14:14.2308210Z [36;1m    ARCHIVE_CMD="$ARCHIVE_CMD PROVISIONING_PROFILE_SPECIFIER='$PROVISIONING_PROFILE_NAME'"[0m
build	Build IPA	2026-09-05T04:14:14.2308700Z [36;1m    ARCHIVE_CMD="$ARCHIVE_CMD -quiet"[0m
build	Build IPA	2026-09-05T04:14:14.2309350Z [36;1m    ARCHIVE_CMD="$ARCHIVE_CMD -archivePath '$GITHUB_WORKSPACE/build/App.xcarchive' archive"[0m
build	Build IPA	2026-09-05T04:14:14.2309810Z [36;1m[0m
build	Build IPA	2026-09-05T04:14:14.2310010Z [36;1m    echo "Running: $ARCHIVE_CMD"[0m
build	Build IPA	2026-09-05T04:14:14.2310300Z [36;1m    eval $ARCHIVE_CMD[0m
build	Build IPA	2026-09-05T04:14:14.2310540Z [36;1m  fi[0m
build	Build IPA	2026-09-05T04:14:14.2310970Z [36;1melif [ "$PROJECT_TYPE" = "reactnative" ] || [ "$PROJECT_TYPE" = "expo" ] || [ "$PROJECT_TYPE" = "kmp" ]; then[0m
build	Build IPA	2026-09-05T04:14:14.2311620Z [36;1m  # Use xcodebuild directly for React Native/Expo and Kotlin Multiplatform.[0m
build	Build IPA	2026-09-05T04:14:14.2312150Z [36;1m  # For KMP, the Xcode build phase (or CocoaPods) invokes Gradle to[0m
build	Build IPA	2026-09-05T04:14:14.2312640Z [36;1m  # compile the shared Kotlin framework, so the JDK must be on PATH.[0m
build	Build IPA	2026-09-05T04:14:14.2313060Z [36;1m  if [ "$PROJECT_TYPE" = "kmp" ]; then[0m
build	Build IPA	2026-09-05T04:14:14.2313440Z [36;1m    echo "Building Kotlin Multiplatform iOS ($CONFIGURATION)..."[0m
build	Build IPA	2026-09-05T04:14:14.2314010Z [36;1m    if [ -f "${GITHUB_WORKSPACE}/gradlew" ]; then[0m
build	Build IPA	2026-09-05T04:14:14.2314380Z [36;1m      chmod +x "${GITHUB_WORKSPACE}/gradlew"[0m
build	Build IPA	2026-09-05T04:14:14.2314660Z [36;1m    fi[0m
build	Build IPA	2026-09-05T04:14:14.2314850Z [36;1m  else[0m
build	Build IPA	2026-09-05T04:14:14.2315130Z [36;1m    echo "Building React Native iOS ($CONFIGURATION)..."[0m
build	Build IPA	2026-09-05T04:14:14.2315450Z [36;1m  fi[0m
build	Build IPA	2026-09-05T04:14:14.2315670Z [36;1m  BUILD_CMD="xcodebuild"[0m
build	Build IPA	2026-09-05T04:14:14.2315930Z [36;1m  if [ -n "$WORKSPACE" ]; then[0m
build	Build IPA	2026-09-05T04:14:14.2316270Z [36;1m    BUILD_CMD="$BUILD_CMD -workspace $WORKSPACE"[0m
build	Build IPA	2026-09-05T04:14:14.2316620Z [36;1m  elif [ -n "$PROJECT" ]; then[0m
build	Build IPA	2026-09-05T04:14:14.2316920Z [36;1m    BUILD_CMD="$BUILD_CMD -project $PROJECT"[0m
build	Build IPA	2026-09-05T04:14:14.2317250Z [36;1m  fi[0m
build	Build IPA	2026-09-05T04:14:14.2317470Z [36;1m[0m
build	Build IPA	2026-09-05T04:14:14.2317830Z [36;1m  # Auto-detect scheme from workspace/project name (e.g., MyApp.xcworkspace -> MyApp)[0m
build	Build IPA	2026-09-05T04:14:14.2318330Z [36;1m  # unless an explicit scheme was provided.[0m
build	Build IPA	2026-09-05T04:14:14.2318660Z [36;1m  if [ -z "$SCHEME" ]; then[0m
build	Build IPA	2026-09-05T04:14:14.2318930Z [36;1m    if [ -n "$WORKSPACE" ]; then[0m
build	Build IPA	2026-09-05T04:14:14.2319280Z [36;1m      SCHEME=$(basename "$WORKSPACE" .xcworkspace)[0m
build	Build IPA	2026-09-05T04:14:14.2319630Z [36;1m    elif [ -n "$PROJECT" ]; then[0m
build	Build IPA	2026-09-05T04:14:14.2319950Z [36;1m      SCHEME=$(basename "$PROJECT" .xcodeproj)[0m
build	Build IPA	2026-09-05T04:14:14.2320240Z [36;1m    fi[0m
build	Build IPA	2026-09-05T04:14:14.2320410Z [36;1m  fi[0m
build	Build IPA	2026-09-05T04:14:14.2320610Z [36;1m[0m
build	Build IPA	2026-09-05T04:14:14.2320830Z [36;1m  BUILD_CMD="$BUILD_CMD -scheme '$SCHEME'"[0m
build	Build IPA	2026-09-05T04:14:14.2321230Z [36;1m  BUILD_CMD="$BUILD_CMD -configuration '$CONFIGURATION'"[0m
build	Build IPA	2026-09-05T04:14:14.2321680Z [36;1m  BUILD_CMD="$BUILD_CMD -destination 'generic/platform=iOS'"[0m
build	Build IPA	2026-09-05T04:14:14.2322160Z [36;1m  BUILD_CMD="$BUILD_CMD -derivedDataPath '$DERIVED_DATA_PATH'"[0m
build	Build IPA	2026-09-05T04:14:14.2322590Z [36;1m  BUILD_CMD="$BUILD_CMD COMPILER_INDEX_STORE_ENABLE=NO"[0m
build	Build IPA	2026-09-05T04:14:14.2323230Z [36;1m  BUILD_CMD="$BUILD_CMD -quiet"[0m
build	Build IPA	2026-09-05T04:14:14.2323480Z [36;1m[0m
build	Build IPA	2026-09-05T04:14:14.2323680Z [36;1m  if [ "$USE_SIGNING" = "true" ]; then[0m
build	Build IPA	2026-09-05T04:14:14.2324040Z [36;1m    # Must archive, not build: the IPA step below exports[0m
build	Build IPA	2026-09-05T04:14:14.2324420Z [36;1m    # build/App.xcarchive whenever signing is on.[0m
build	Build IPA	2026-09-05T04:14:14.2324830Z [36;1m    BUILD_CMD="$BUILD_CMD DEVELOPMENT_TEAM='$DEVELOPMENT_TEAM'"[0m
build	Build IPA	2026-09-05T04:14:14.2325240Z [36;1m    BUILD_CMD="$BUILD_CMD CODE_SIGN_STYLE=Manual"[0m
build	Build IPA	2026-09-05T04:14:14.2325720Z [36;1m    BUILD_CMD="$BUILD_CMD PROVISIONING_PROFILE_SPECIFIER='$PROVISIONING_PROFILE_NAME'"[0m
build	Build IPA	2026-09-05T04:14:14.2326330Z [36;1m    BUILD_CMD="$BUILD_CMD -archivePath '$GITHUB_WORKSPACE/build/App.xcarchive' archive"[0m
build	Build IPA	2026-09-05T04:14:14.2326760Z [36;1m  else[0m
build	Build IPA	2026-09-05T04:14:14.2327030Z [36;1m    BUILD_CMD="$BUILD_CMD CODE_SIGNING_ALLOWED=NO build"[0m
build	Build IPA	2026-09-05T04:14:14.2327470Z [36;1m  fi[0m
build	Build IPA	2026-09-05T04:14:14.2327650Z [36;1m[0m
build	Build IPA	2026-09-05T04:14:14.2327830Z [36;1m  echo "Running: $BUILD_CMD"[0m
build	Build IPA	2026-09-05T04:14:14.2328090Z [36;1m  eval $BUILD_CMD[0m
build	Build IPA	2026-09-05T04:14:14.2328300Z [36;1melse[0m
build	Build IPA	2026-09-05T04:14:14.2328480Z [36;1m  BUILD_CMD="xcodebuild"[0m
build	Build IPA	2026-09-05T04:14:14.2328720Z [36;1m  if [ -n "$WORKSPACE" ]; then[0m
build	Build IPA	2026-09-05T04:14:14.2329000Z [36;1m    BUILD_CMD="$BUILD_CMD -workspace $WORKSPACE"[0m
build	Build IPA	2026-09-05T04:14:14.2329300Z [36;1m  elif [ -n "$PROJECT" ]; then[0m
build	Build IPA	2026-09-05T04:14:14.2329570Z [36;1m    BUILD_CMD="$BUILD_CMD -project $PROJECT"[0m
build	Build IPA	2026-09-05T04:14:14.2329830Z [36;1m  fi[0m
build	Build IPA	2026-09-05T04:14:14.2329990Z [36;1m[0m
build	Build IPA	2026-09-05T04:14:14.2330180Z [36;1m  BUILD_CMD="$BUILD_CMD -scheme '$SCHEME'"[0m
build	Build IPA	2026-09-05T04:14:14.2330530Z [36;1m  BUILD_CMD="$BUILD_CMD -configuration '$CONFIGURATION'"[0m
build	Build IPA	2026-09-05T04:14:14.2330930Z [36;1m  BUILD_CMD="$BUILD_CMD -destination 'generic/platform=iOS'"[0m
build	Build IPA	2026-09-05T04:14:14.2331340Z [36;1m  BUILD_CMD="$BUILD_CMD -derivedDataPath '$DERIVED_DATA_PATH'"[0m
build	Build IPA	2026-09-05T04:14:14.2331660Z [36;1m[0m
build	Build IPA	2026-09-05T04:14:14.2331830Z [36;1m  # Speed optimization flags[0m
build	Build IPA	2026-09-05T04:14:14.2332130Z [36;1m  BUILD_CMD="$BUILD_CMD COMPILER_INDEX_STORE_ENABLE=NO"[0m
build	Build IPA	2026-09-05T04:14:14.2332500Z [36;1m  BUILD_CMD="$BUILD_CMD DEBUG_INFORMATION_FORMAT=dwarf"[0m
build	Build IPA	2026-09-05T04:14:14.2332860Z [36;1m  BUILD_CMD="$BUILD_CMD ONLY_ACTIVE_ARCH=YES"[0m
build	Build IPA	2026-09-05T04:14:14.2333150Z [36;1m  BUILD_CMD="$BUILD_CMD -quiet"[0m
build	Build IPA	2026-09-05T04:14:14.2333370Z [36;1m[0m
build	Build IPA	2026-09-05T04:14:14.2333590Z [36;1m  # mlx-swift 自带 CudaBuild 构建插件在 iOS 交叉编译下无法通过验证 →[0m
build	Build IPA	2026-09-05T04:14:14.2333910Z [36;1m  # 跳过包插件校验（不影响产物，规避 "Validate plug-in ... failed"）[0m
build	Build IPA	2026-09-05T04:14:14.2334270Z [36;1m  BUILD_CMD="$BUILD_CMD -skipPackagePluginValidation"[0m
build	Build IPA	2026-09-05T04:14:14.2334560Z [36;1m[0m
build	Build IPA	2026-09-05T04:14:14.2334750Z [36;1m  # Xcode 16+ native compilation caching[0m
build	Build IPA	2026-09-05T04:14:14.2335100Z [36;1m  BUILD_CMD="$BUILD_CMD SWIFT_ENABLE_COMPILE_CACHE=YES"[0m
build	Build IPA	2026-09-05T04:14:14.2335480Z [36;1m  BUILD_CMD="$BUILD_CMD CLANG_ENABLE_COMPILE_CACHE=YES"[0m
build	Build IPA	2026-09-05T04:14:14.2335770Z [36;1m[0m
build	Build IPA	2026-09-05T04:14:14.2335950Z [36;1m  if [ "$USE_SIGNING" = "true" ]; then[0m
build	Build IPA	2026-09-05T04:14:14.2336320Z [36;1m    # For signed builds, use archive. Automatic signing cannot resolve a[0m
build	Build IPA	2026-09-05T04:14:14.2336780Z [36;1m    # team on a runner (no Xcode account), so sign manually against the[0m
build	Build IPA	2026-09-05T04:14:14.2337140Z [36;1m    # profile installed above.[0m
build	Build IPA	2026-09-05T04:14:14.2337470Z [36;1m    BUILD_CMD="$BUILD_CMD DEVELOPMENT_TEAM='$DEVELOPMENT_TEAM'"[0m
build	Build IPA	2026-09-05T04:14:14.2337840Z [36;1m    BUILD_CMD="$BUILD_CMD CODE_SIGN_STYLE=Manual"[0m
build	Build IPA	2026-09-05T04:14:14.2338290Z [36;1m    BUILD_CMD="$BUILD_CMD PROVISIONING_PROFILE_SPECIFIER='$PROVISIONING_PROFILE_NAME'"[0m
build	Build IPA	2026-09-05T04:14:14.2338860Z [36;1m    BUILD_CMD="$BUILD_CMD -archivePath '$GITHUB_WORKSPACE/build/App.xcarchive' archive"[0m
build	Build IPA	2026-09-05T04:14:14.2339250Z [36;1m  else[0m
build	Build IPA	2026-09-05T04:14:14.2339730Z [36;1m    # For unsigned builds, use faster 'build' action[0m
build	Build IPA	2026-09-05T04:14:14.2340090Z [36;1m    BUILD_CMD="$BUILD_CMD CODE_SIGNING_ALLOWED=NO build"[0m
build	Build IPA	2026-09-05T04:14:14.2340380Z [36;1m  fi[0m
build	Build IPA	2026-09-05T04:14:14.2340540Z [36;1m[0m
build	Build IPA	2026-09-05T04:14:14.2340710Z [36;1m  echo "Running: $BUILD_CMD"[0m
build	Build IPA	2026-09-05T04:14:14.2340940Z [36;1m  eval $BUILD_CMD[0m
build	Build IPA	2026-09-05T04:14:14.2341140Z [36;1mfi[0m
build	Build IPA	2026-09-05T04:14:14.2341290Z [36;1m[0m
build	Build IPA	2026-09-05T04:14:14.2341440Z [36;1m# Create IPA[0m
build	Build IPA	2026-09-05T04:14:14.2341650Z [36;1mif [ "$USE_SIGNING" = "true" ]; then[0m
build	Build IPA	2026-09-05T04:14:14.2341980Z [36;1m  # For signed builds, use xcodebuild -exportArchive.[0m
build	Build IPA	2026-09-05T04:14:14.2342530Z [36;1m  # Everything below is relative to the repo root, which is also what[0m
build	Build IPA	2026-09-05T04:14:14.2343040Z [36;1m  # the upload-artifact step ("build/*.ipa") resolves against — do not[0m
build	Build IPA	2026-09-05T04:14:14.2343680Z [36;1m  # use "cd .." here, it breaks when ios_path is "." (native at root).[0m
build	Build IPA	2026-09-05T04:14:14.2344030Z [36;1m  cd "$GITHUB_WORKSPACE"[0m
build	Build IPA	2026-09-05T04:14:14.2344240Z [36;1m[0m
build	Build IPA	2026-09-05T04:14:14.2344500Z [36;1m  # The export has to use the same manual signing as the archive, and[0m
build	Build IPA	2026-09-05T04:14:14.2344920Z [36;1m  # it needs the app's real bundle id to map it to the profile.[0m
build	Build IPA	2026-09-05T04:14:14.2345540Z [36;1m  APP_BUNDLE_ID=$(plutil -extract ApplicationProperties.CFBundleIdentifier raw -o - build/App.xcarchive/Info.plist)[0m
build	Build IPA	2026-09-05T04:14:14.2346280Z [36;1m  echo "Exporting $APP_BUNDLE_ID with profile '$PROVISIONING_PROFILE_NAME' (team $DEVELOPMENT_TEAM)"[0m
build	Build IPA	2026-09-05T04:14:14.2346710Z [36;1m[0m
build	Build IPA	2026-09-05T04:14:14.2346880Z [36;1m  printf '%s\n' \[0m
build	Build IPA	2026-09-05T04:14:14.2347120Z [36;1m    '<?xml version="1.0" encoding="UTF-8"?>' \[0m
build	Build IPA	2026-09-05T04:14:14.2347640Z [36;1m    '<!DOCTYPE plist PUBLIC "-//Apple//DTD PLIST 1.0//EN" "http://www.apple.com/DTDs/PropertyList-1.0.dtd">' \[0m
build	Build IPA	2026-09-05T04:14:14.2348120Z [36;1m    '<plist version="1.0">' \[0m
build	Build IPA	2026-09-05T04:14:14.2348350Z [36;1m    '<dict>' \[0m
build	Build IPA	2026-09-05T04:14:14.2348550Z [36;1m    '    <key>method</key>' \[0m
build	Build IPA	2026-09-05T04:14:14.2348810Z [36;1m    '    <string>development</string>' \[0m
build	Build IPA	2026-09-05T04:14:14.2349100Z [36;1m    '    <key>signingStyle</key>' \[0m
build	Build IPA	2026-09-05T04:14:14.2349370Z [36;1m    '    <string>manual</string>' \[0m
build	Build IPA	2026-09-05T04:14:14.2349630Z [36;1m    '    <key>teamID</key>' \[0m
build	Build IPA	2026-09-05T04:14:14.2349910Z [36;1m    "    <string>${DEVELOPMENT_TEAM}</string>" \[0m
build	Build IPA	2026-09-05T04:14:14.2350220Z [36;1m    '    <key>provisioningProfiles</key>' \[0m
build	Build IPA	2026-09-05T04:14:14.2350490Z [36;1m    '    <dict>' \[0m
build	Build IPA	2026-09-05T04:14:14.2350720Z [36;1m    "        <key>${APP_BUNDLE_ID}</key>" \[0m
build	Build IPA	2026-09-05T04:14:14.2351050Z [36;1m    "        <string>${PROVISIONING_PROFILE_NAME}</string>" \[0m
build	Build IPA	2026-09-05T04:14:14.2351350Z [36;1m    '    </dict>' \[0m
build	Build IPA	2026-09-05T04:14:14.2351550Z [36;1m    '</dict>' \[0m
build	Build IPA	2026-09-05T04:14:14.2351770Z [36;1m    '</plist>' > ExportOptions.plist[0m
build	Build IPA	2026-09-05T04:14:14.2352050Z [36;1m  xcodebuild -exportArchive \[0m
build	Build IPA	2026-09-05T04:14:14.2352320Z [36;1m    -archivePath build/App.xcarchive \[0m
build	Build IPA	2026-09-05T04:14:14.2352640Z [36;1m    -exportOptionsPlist ExportOptions.plist \[0m
build	Build IPA	2026-09-05T04:14:14.2352930Z [36;1m    -exportPath build/export[0m
build	Build IPA	2026-09-05T04:14:14.2353150Z [36;1m[0m
build	Build IPA	2026-09-05T04:14:14.2353330Z [36;1m  # Move IPA to expected location[0m
build	Build IPA	2026-09-05T04:14:14.2353620Z [36;1m  mv build/export/*.ipa "build/$BUILD_ID.ipa"[0m
build	Build IPA	2026-09-05T04:14:14.2354020Z [36;1m  echo "Created signed IPA: build/$BUILD_ID.ipa"[0m
build	Build IPA	2026-09-05T04:14:14.2354290Z [36;1melse[0m
build	Build IPA	2026-09-05T04:14:14.2354520Z [36;1m  # For unsigned builds, find .app and create IPA[0m
build	Build IPA	2026-09-05T04:14:14.2354840Z [36;1m  if [ "$PROJECT_TYPE" = "flutter" ]; then[0m
build	Build IPA	2026-09-05T04:14:14.2355130Z [36;1m    # Flutter outputs to build/ios/iphoneos/[0m
build	Build IPA	2026-09-05T04:14:14.2355590Z [36;1m    APP_PATH=$(find "${GITHUB_WORKSPACE}/build/ios/iphoneos" -name "*.app" -type d | head -1)[0m
build	Build IPA	2026-09-05T04:14:14.2356150Z [36;1m  else[0m
build	Build IPA	2026-09-05T04:14:14.2356430Z [36;1m    # Native and React Native/Expo use DerivedData. Ask the project[0m
build	Build IPA	2026-09-05T04:14:14.2356850Z [36;1m    # which bundle this scheme produces: the first .app under[0m
build	Build IPA	2026-09-05T04:14:14.2357280Z [36;1m    # Build/Products is the wrong one whenever the repo has more than[0m
build	Build IPA	2026-09-05T04:14:14.2357620Z [36;1m    # one app target.[0m
build	Build IPA	2026-09-05T04:14:14.2357850Z [36;1m    if [ -n "$WORKSPACE" ]; then[0m
build	Build IPA	2026-09-05T04:14:14.2358100Z [36;1m      TARGET_FLAG=-workspace[0m
build	Build IPA	2026-09-05T04:14:14.2358340Z [36;1m      TARGET_PATH=$WORKSPACE[0m
build	Build IPA	2026-09-05T04:14:14.2358560Z [36;1m    else[0m
build	Build IPA	2026-09-05T04:14:14.2358750Z [36;1m      TARGET_FLAG=-project[0m
build	Build IPA	2026-09-05T04:14:14.2358980Z [36;1m      TARGET_PATH=$PROJECT[0m
build	Build IPA	2026-09-05T04:14:14.2359190Z [36;1m    fi[0m
build	Build IPA	2026-09-05T04:14:14.2359440Z [36;1m    APP_PATH=$(xcodebuild "$TARGET_FLAG" "$TARGET_PATH" \[0m
build	Build IPA	2026-09-05T04:14:14.2359970Z [36;1m      -scheme "$SCHEME" \[0m
build	Build IPA	2026-09-05T04:14:14.2360230Z [36;1m      -configuration "$CONFIGURATION" \[0m
build	Build IPA	2026-09-05T04:14:14.2360530Z [36;1m      -destination 'generic/platform=iOS' \[0m
build	Build IPA	2026-09-05T04:14:14.2360840Z [36;1m      -derivedDataPath "$DERIVED_DATA_PATH" \[0m
build	Build IPA	2026-09-05T04:14:14.2361150Z [36;1m      -showBuildSettings -json 2>/dev/null \[0m
build	Build IPA	2026-09-05T04:14:14.2361440Z [36;1m      | jq -r 'map(.buildSettings)[0m
build	Build IPA	2026-09-05T04:14:14.2361830Z [36;1m               | map(select(.PRODUCT_TYPE == "com.apple.product-type.application"[0m
build	Build IPA	2026-09-05T04:14:14.2362290Z [36;1m                            and (.TARGET_BUILD_DIR | contains("-iphoneos"))))[0m
build	Build IPA	2026-09-05T04:14:14.2362680Z [36;1m               | map(.TARGET_BUILD_DIR + "/" + .FULL_PRODUCT_NAME)[0m
build	Build IPA	2026-09-05T04:14:14.2363020Z [36;1m               | first // empty' || true)[0m
build	Build IPA	2026-09-05T04:14:14.2363400Z [36;1m    if [ ! -d "$APP_PATH" ]; then[0m
build	Build IPA	2026-09-05T04:14:14.2364050Z [36;1m      APP_PATH=$(find "$DERIVED_DATA_PATH/Build/Products/${CONFIGURATION}-iphoneos" -maxdepth 1 -name "*.app" -type d -print -quit 2>/dev/null || true)[0m
build	Build IPA	2026-09-05T04:14:14.2364750Z [36;1m    fi[0m
build	Build IPA	2026-09-05T04:14:14.2364940Z [36;1m  fi[0m
build	Build IPA	2026-09-05T04:14:14.2365120Z [36;1m[0m
build	Build IPA	2026-09-05T04:14:14.2365300Z [36;1m  if [ -z "$APP_PATH" ]; then[0m
build	Build IPA	2026-09-05T04:14:14.2365550Z [36;1m    echo "Error: Could not find .app"[0m
build	Build IPA	2026-09-05T04:14:14.2365800Z [36;1m    exit 1[0m
build	Build IPA	2026-09-05T04:14:14.2365970Z [36;1m  fi[0m
build	Build IPA	2026-09-05T04:14:14.2366160Z [36;1m  echo "Found app at: $APP_PATH"[0m
build	Build IPA	2026-09-05T04:14:14.2366410Z [36;1m  cd "$GITHUB_WORKSPACE"[0m
build	Build IPA	2026-09-05T04:14:14.2366650Z [36;1m  mkdir -p build/Payload[0m
build	Build IPA	2026-09-05T04:14:14.2366900Z [36;1m  cp -R "$APP_PATH" build/Payload/[0m
build	Build IPA	2026-09-05T04:14:14.2367140Z [36;1m  cd build[0m
build	Build IPA	2026-09-05T04:14:14.2367350Z [36;1m  zip -rq "$BUILD_ID.ipa" Payload[0m
build	Build IPA	2026-09-05T04:14:14.2367590Z [36;1m  rm -rf Payload[0m
build	Build IPA	2026-09-05T04:14:14.2367860Z [36;1m  echo "Created unsigned IPA: build/$BUILD_ID.ipa"[0m
build	Build IPA	2026-09-05T04:14:14.2368150Z [36;1mfi[0m
build	Build IPA	2026-09-05T04:14:14.2407400Z shell: /bin/bash -e {0}
build	Build IPA	2026-09-05T04:14:14.2407720Z env:
build	Build IPA	2026-09-05T04:14:14.2407940Z   MD_APPLE_SDK_ROOT: /Applications/Xcode_26.6.app
build	Build IPA	2026-09-05T04:14:14.2408220Z   BUILD_ID: huamei-0905-12138
build	Build IPA	2026-09-05T04:14:14.2408450Z   IOS_PATH: ios
build	Build IPA	2026-09-05T04:14:14.2408640Z   SCHEME: HuameiIndexTTS
build	Build IPA	2026-09-05T04:14:14.2408840Z   PROJECT_TYPE: native
build	Build IPA	2026-09-05T04:14:14.2409020Z   USE_SIGNING: false
build	Build IPA	2026-09-05T04:14:14.2409240Z   CONFIGURATION: Debug
build	Build IPA	2026-09-05T04:14:14.2409470Z ##[endgroup]
build	Build IPA	2026-09-05T04:14:14.2660810Z Regenerating project with xcodegen (deterministic)...
build	Build IPA	2026-09-05T04:14:14.2749310Z ⚙️  Generating plists...
build	Build IPA	2026-09-05T04:14:14.2749780Z ⚙️  Generating project...
build	Build IPA	2026-09-05T04:14:14.2849680Z ⚙️  Writing project...
build	Build IPA	2026-09-05T04:14:14.2930500Z Created project at /Users/runner/work/huamei-indexTTS/huamei-indexTTS/ios/HuameiIndexTTS.xcodeproj
build	Build IPA	2026-09-05T04:14:14.2940920Z Using project: /Users/runner/work/huamei-indexTTS/huamei-indexTTS/ios/HuameiIndexTTS.xcodeproj
build	Build IPA	2026-09-05T04:14:14.2947480Z Running: xcodebuild -project /Users/runner/work/huamei-indexTTS/huamei-indexTTS/ios/HuameiIndexTTS.xcodeproj -scheme 'HuameiIndexTTS' -configuration 'Debug' -destination 'generic/platform=iOS' -derivedDataPath '/Users/runner/work/huamei-indexTTS/huamei-indexTTS/DerivedData' COMPILER_INDEX_STORE_ENABLE=NO DEBUG_INFORMATION_FORMAT=dwarf ONLY_ACTIVE_ARCH=YES -quiet -skipPackagePluginValidation SWIFT_ENABLE_COMPILE_CACHE=YES CLANG_ENABLE_COMPILE_CACHE=YES CODE_SIGNING_ALLOWED=NO build
build	Build IPA	2026-09-05T04:14:44.2265420Z In file included from /Users/runner/work/huamei-indexTTS/huamei-indexTTS/DerivedData/SourcePackages/checkouts/mlx-swift/Source/Cmlx/mlx-generated/metal/steel/attn/kernels/steel_attention.metal:6:
build	Build IPA	2026-09-05T04:14:44.2365870Z In file included from /Users/runner/work/huamei-indexTTS/huamei-indexTTS/DerivedData/SourcePackages/checkouts/mlx-swift/Source/Cmlx/mlx-generated/metal/steel/attn/kernels/../../../steel/attn/kernels/steel_attention.h:3:
build	Build IPA	2026-09-05T04:14:44.2469340Z In file included from /Users/runner/work/huamei-indexTTS/huamei-indexTTS/DerivedData/SourcePackages/checkouts/mlx-swift/Source/Cmlx/mlx-generated/metal/steel/attn/kernels/../../../steel/attn/attn.h:6:
build	Build IPA	2026-09-05T04:14:44.2573610Z In file included from /Users/runner/work/huamei-indexTTS/huamei-indexTTS/DerivedData/SourcePackages/checkouts/mlx-swift/Source/Cmlx/mlx-generated/metal/steel/attn/kernels/../../../steel/attn/../../steel/attn/mma.h:11:
build	Build IPA	2026-09-05T04:14:44.2676250Z /Users/runner/work/huamei-indexTTS/huamei-indexTTS/DerivedData/SourcePackages/checkouts/mlx-swift/Source/Cmlx/mlx-generated/metal/steel/attn/kernels/../../../steel/attn/../../steel/utils/integral_constant.h:108:6: warning: constexpr if is a C++17 extension [-Wc++17-extensions]
build	Build IPA	2026-09-05T04:14:44.2777250Z   if constexpr (start < stop) {
build	Build IPA	2026-09-05T04:14:44.2880010Z      ^
build	Build IPA	2026-09-05T04:14:44.2982590Z In file included from /Users/runner/work/huamei-indexTTS/huamei-indexTTS/DerivedData/SourcePackages/checkouts/mlx-swift/Source/Cmlx/mlx-generated/metal/steel/attn/kernels/steel_attention.metal:6:
build	Build IPA	2026-09-05T04:14:44.3088510Z /Users/runner/work/huamei-indexTTS/huamei-indexTTS/DerivedData/SourcePackages/checkouts/mlx-swift/Source/Cmlx/mlx-generated/metal/steel/attn/kernels/../../../steel/attn/kernels/steel_attention.h:356:16: warning: constexpr if is a C++17 extension [-Wc++17-extensions]
build	Build IPA	2026-09-05T04:14:44.3195810Z             if constexpr (is_bool) {
build	Build IPA	2026-09-05T04:14:44.3317680Z                ^
build	Build IPA	2026-09-05T04:14:44.3444060Z /Users/runner/work/huamei-indexTTS/huamei-indexTTS/DerivedData/SourcePackages/checkouts/mlx-swift/Source/Cmlx/mlx-generated/metal/steel/attn/kernels/../../../steel/attn/kernels/steel_attention.h:426:14: warning: constexpr if is a C++17 extension [-Wc++17-extensions]
build	Build IPA	2026-09-05T04:14:44.3574580Z           if constexpr (BD == 128) {
build	Build IPA	2026-09-05T04:14:44.3710850Z              ^
build	Build IPA	2026-09-05T04:14:44.3857190Z /Users/runner/work/huamei-indexTTS/huamei-indexTTS/DerivedData/SourcePackages/checkouts/mlx-swift/Source/Cmlx/mlx-generated/metal/steel/attn/kernels/../../../steel/attn/kernels/steel_attention.h:436:14: warning: constexpr if is a C++17 extension [-Wc++17-extensions]
build	Build IPA	2026-09-05T04:14:44.3993510Z           if constexpr (BD == 128) {
build	Build IPA	2026-09-05T04:14:44.4159210Z              ^
build	Build IPA	2026-09-05T04:14:44.4260530Z 4 warnings generated.
build	Build IPA	2026-09-05T04:14:45.5457450Z /Users/runner/work/huamei-indexTTS/huamei-indexTTS/ios/Sources/MLXIndexTTS2Core/BigVGAN.swift:64:25: error: cannot find 'snakeBeta' in scope
build	Build IPA	2026-09-05T04:14:45.5558170Z                 var y = snakeBeta(h, alpha: alphas[2*j], beta: betas[2*j])
build	Build IPA	2026-09-05T04:14:45.5660060Z                         ^~~~~~~~~
build	Build IPA	2026-09-05T04:14:45.5761920Z /Users/runner/work/huamei-indexTTS/huamei-indexTTS/ios/Sources/MLXIndexTTS2Core/BigVGAN.swift:67:21: error: cannot find 'snakeBeta' in scope
build	Build IPA	2026-09-05T04:14:45.5850040Z                 y = snakeBeta(y, alpha: alphas[2*j+1], beta: betas[2*j+1])
build	Build IPA	2026-09-05T04:14:45.5916680Z                     ^~~~~~~~~
build	Build IPA	2026-09-05T04:14:45.5925500Z /Users/runner/work/huamei-indexTTS/huamei-indexTTS/ios/Sources/MLXIndexTTS2Core/BigVGAN.swift:88:13: warning: initialization of immutable value 'pad' was never used; consider replacing with assignment to '_' or removing it
build	Build IPA	2026-09-05T04:14:45.5982790Z         let pad = (k - rate) / 2
build	Build IPA	2026-09-05T04:14:45.5993070Z         ~~~~^~~
build	Build IPA	2026-09-05T04:14:45.6001680Z         _
build	Build IPA	2026-09-05T04:14:45.6006980Z /Users/runner/work/huamei-indexTTS/huamei-indexTTS/ios/Sources/MLXIndexTTS2Core/BigVGAN.swift:112:13: warning: variable 'stageOut' was never used; consider replacing with '_' or removing it
build	Build IPA	2026-09-05T04:14:45.6019710Z         var stageOut: [MLXArray] = []
build	Build IPA	2026-09-05T04:14:45.6100620Z             ^~~~~~~~
build	Build IPA	2026-09-05T04:14:45.6135200Z             _
build	Build IPA	2026-09-05T04:14:45.6141900Z /Users/runner/work/huamei-indexTTS/huamei-indexTTS/ios/Sources/MLXIndexTTS2Core/Voice/Campplus.swift:112:20: error: extra arguments at positions #3, #4 in call
build	Build IPA	2026-09-05T04:14:45.6148840Z             x = res(x, r: resBlocks[stageIdx], strideHeight: first ? 2 : 1, strideWidth: first ? 1 : 1)
build	Build IPA	2026-09-05T04:14:45.6176700Z                    ^
build	Build IPA	2026-09-05T04:14:45.6189010Z /Users/runner/work/huamei-indexTTS/huamei-indexTTS/ios/Sources/MLXIndexTTS2Core/Voice/Campplus.swift:181:18: note: 'res(_:r:stride2:)' declared here
build	Build IPA	2026-09-05T04:14:45.6197240Z     private func res(_ x: MLXArray, r: (b1: MLXArray, bn1: BatchNorm2d, b2: MLXArray,
build	Build IPA	2026-09-05T04:14:45.6207850Z                  ^
build	Build IPA	2026-09-05T04:14:45.6209730Z /Users/runner/work/huamei-indexTTS/huamei-indexTTS/ios/Sources/MLXIndexTTS2Core/Voice/Campplus.swift:112:46: error: missing argument for parameter 'stride2' in call
build	Build IPA	2026-09-05T04:14:45.6211300Z             x = res(x, r: resBlocks[stageIdx], strideHeight: first ? 2 : 1, strideWidth: first ? 1 : 1)
build	Build IPA	2026-09-05T04:14:45.6213190Z                                              ^
build	Build IPA	2026-09-05T04:14:45.6214150Z                                              , stride2: <#Bool#>
build	Build IPA	2026-09-05T04:14:45.6215540Z /Users/runner/work/huamei-indexTTS/huamei-indexTTS/ios/Sources/MLXIndexTTS2Core/Voice/Campplus.swift:181:18: note: 'res(_:r:stride2:)' declared here
build	Build IPA	2026-09-05T04:14:45.6216800Z     private func res(_ x: MLXArray, r: (b1: MLXArray, bn1: BatchNorm2d, b2: MLXArray,
build	Build IPA	2026-09-05T04:14:45.6217740Z                  ^
build	Build IPA	2026-09-05T04:14:45.6219730Z /Users/runner/work/huamei-indexTTS/huamei-indexTTS/ios/Sources/MLXIndexTTS2Core/Voice/Campplus.swift:114:33: error: extra arguments at positions #3, #4 in call
build	Build IPA	2026-09-05T04:14:45.6233070Z         x = reluBN2d(bn2, conv2d(x, conv2.w, strideH: 2, strideW: 1))
build	Build IPA	2026-09-05T04:14:45.6238160Z                                 ^
build	Build IPA	2026-09-05T04:14:45.6239690Z /Users/runner/work/huamei-indexTTS/huamei-indexTTS/ios/Sources/MLXIndexTTS2Core/Voice/Campplus.swift:154:18: note: 'conv2d' declared here
build	Build IPA	2026-09-05T04:14:45.6243990Z     private func conv2d(_ x: MLXArray, _ w: MLXArray) -> MLXArray {
build	Build IPA	2026-09-05T04:14:45.6245480Z                  ^
build	Build IPA	2026-09-05T04:14:45.6246280Z /Users/runner/work/huamei-indexTTS/huamei-indexTTS/ios/Sources/MLXIndexTTS2Core/Voice/Campplus.swift:140:21: error: cannot convert value of type 'MLXArray' to expected argument type 'Float'
build	Build IPA	2026-09-05T04:14:45.6247460Z         let stdX = (sq / (tN - 1)).squareRoot()
build	Build IPA	2026-09-05T04:14:45.6247990Z                     ^
build	Build IPA	2026-09-05T04:14:45.6248720Z /Users/runner/work/huamei-indexTTS/huamei-indexTTS/ios/Sources/MLXIndexTTS2Core/Voice/Campplus.swift:178:60: error: cannot convert value of type '[Int]' to expected argument type 'Int'
build	Build IPA	2026-09-05T04:14:45.6249930Z         return MLX.conv1d(inp, w, stride: stride, padding: [0, 0], dilation: dil)
build	Build IPA	2026-09-05T04:14:45.6250790Z                                                            ^
build	Build IPA	2026-09-05T04:14:45.6251740Z /Users/runner/work/huamei-indexTTS/huamei-indexTTS/ios/Sources/MLXIndexTTS2Core/Voice/Campplus.swift:300:21: error: value of type 'MLXArray' has no member 'broadcasted'
build	Build IPA	2026-09-05T04:14:45.6252750Z         return gate.broadcasted(to: [B, out, T], stream: .default)
build	Build IPA	2026-09-05T04:14:45.6253150Z                ~~~~ ^~~~~~~~~~~
build	Build IPA	2026-09-05T04:14:45.6254630Z /Users/runner/work/huamei-indexTTS/huamei-indexTTS/ios/Sources/MLXIndexTTS2Core/Voice/Campplus.swift:300:59: error: cannot infer contextual base in reference to member 'default'
build	Build IPA	2026-09-05T04:14:45.6255540Z         return gate.broadcasted(to: [B, out, T], stream: .default)
build	Build IPA	2026-09-05T04:14:45.6255950Z                                                          ~^~~~~~~
build	Build IPA	2026-09-05T04:14:45.6256740Z /Users/runner/work/huamei-indexTTS/huamei-indexTTS/ios/Sources/MLXIndexTTS2Core/Codec.swift:62:17: error: module 'MLX' has no member named 'gelu'
build	Build IPA	2026-09-05T04:14:45.6257440Z             y = MLX.gelu(y)
build	Build IPA	2026-09-05T04:14:45.6257760Z                 ^~~ ~~~~
build	Build IPA	2026-09-05T04:14:45.6258430Z /Users/runner/work/huamei-indexTTS/huamei-indexTTS/ios/Sources/MLXIndexTTS2Core/Codec.swift:92:39: error: 'asInt32' is inaccessible due to 'internal' protection level
build	Build IPA	2026-09-05T04:14:45.6259220Z         x = x.broadcast(to: [1, 8, T].asInt32)
build	Build IPA	2026-09-05T04:14:45.6259740Z                                       ^~~~~~~
build	Build IPA	2026-09-05T04:14:45.6260190Z MLX.Array<Int>.asInt32:2:25: note: 'asInt32' declared here
build	Build IPA	2026-09-05T04:14:45.6260560Z @inlinable internal var asInt32: [Int32] { get }}
build	Build IPA	2026-09-05T04:14:45.6260900Z                         ^
build	Build IPA	2026-09-05T04:14:45.6261600Z /Users/runner/work/huamei-indexTTS/huamei-indexTTS/ios/Sources/MLXIndexTTS2Core/Codec.swift:92:15: error: 'broadcast' is inaccessible due to 'internal' protection level
build	Build IPA	2026-09-05T04:14:45.6262380Z         x = x.broadcast(to: [1, 8, T].asInt32)
build	Build IPA	2026-09-05T04:14:45.6262670Z               ^~~~~~~~~
build	Build IPA	2026-09-05T04:14:45.6263180Z MLX.MLXArray.broadcast:2:15: note: 'broadcast(to:stream:)' declared here
build	Build IPA	2026-09-05T04:14:45.6263830Z internal func broadcast(to shape: [Int32], stream: MLX.StreamOrDevice = .default) -> MLX.MLXArray}
build	Build IPA	2026-09-05T04:14:45.6264400Z               ^
build	Build IPA	2026-09-05T04:14:45.6265130Z /Users/runner/work/huamei-indexTTS/huamei-indexTTS/ios/Sources/MLXIndexTTS2Core/Codec.swift:108:13: warning: variable 'floats' was never mutated; consider changing to 'let' constant
build	Build IPA	2026-09-05T04:14:45.6265950Z         var floats = x.asFloatArray()
build	Build IPA	2026-09-05T04:14:45.6266320Z         ~~~ ^
build	Build IPA	2026-09-05T04:14:45.6266670Z         let
build	Build IPA	2026-09-05T04:14:45.6266870Z Cache miss
build	Build IPA	2026-09-05T04:14:45.6267130Z Failed frontend command:
build	Build IPA	2026-09-05T04:14:45.6309700Z /Applications/Xcode_26.6.app/Contents/Developer/Toolchains/XcodeDefault.xctoolchain/usr/bin/swift-frontend -frontend -c /Users/runner/work/huamei-indexTTS/huamei-indexTTS/ios/Sources/MLXIndexTTS2Core/Voice/AudioFeatures.swift /Users/runner/work/huamei-indexTTS/huamei-indexTTS/ios/Sources/MLXIndexTTS2Core/BigVGAN.swift /Users/runner/work/huamei-indexTTS/huamei-indexTTS/ios/Sources/MLXIndexTTS2Core/Voice/Campplus.swift /Users/runner/work/huamei-indexTTS/huamei-indexTTS/ios/Sources/MLXIndexTTS2Core/Codec.swift /Users/runner/work/huamei-indexTTS/huamei-indexTTS/ios/Sources/MLXIndexTTS2Core/Config.swift /Users/runner/work/huamei-indexTTS/huamei-indexTTS/ios/Sources/MLXIndexTTS2Core/GPT2.swift -primary-file /Users/runner/work/huamei-indexTTS/huamei-indexTTS/ios/Sources/MLXIndexTTS2Core/GPTGenerator.swift -primary-file /Users/runner/work/huamei-indexTTS/huamei-indexTTS/ios/Sources/MLXIndexTTS2Core/Ops.swift -primary-file /Users/runner/work/huamei-indexTTS/huamei-indexTTS/ios/Sources/MLXIndexTTS2Core/OpsCPU.swift -primary-file /Users/runner/work/huamei-indexTTS/huamei-indexTTS/ios/Sources/MLXIndexTTS2Core/PRNG.swift -primary-file /Users/runner/work/huamei-indexTTS/huamei-indexTTS/ios/Sources/MLXIndexTTS2Core/S2MelInfer.swift -primary-file /Users/runner/work/huamei-indexTTS/huamei-indexTTS/ios/Sources/MLXIndexTTS2Core/S2MelWeights.swift /Users/runner/work/huamei-indexTTS/huamei-indexTTS/ios/Sources/MLXIndexTTS2Core/IO/Safetensors.swift /Users/runner/work/huamei-indexTTS/huamei-indexTTS/ios/Sources/MLXIndexTTS2Core/TTSPipeline.swift /Users/runner/work/huamei-indexTTS/huamei-indexTTS/ios/Sources/MLXIndexTTS2Core/Text/TiktokenBPE.swift /Users/runner/work/huamei-indexTTS/huamei-indexTTS/ios/Sources/MLXIndexTTS2Core/Voice/VoiceExtractor.swift /Users/runner/work/huamei-indexTTS/huamei-indexTTS/ios/Sources/MLXIndexTTS2Core/Voice/Voiceprint.swift /Users/runner/work/huamei-indexTTS/huamei-indexTTS/ios/Sources/MLXIndexTTS2Core/Voice/W2VBert.swift -supplementary-output-file-map /Users/runner/work/huamei-indexTTS/huamei-indexTTS/DerivedData/Build/Intermediates.noindex/HuameiIndexTTS.build/Debug-iphoneos/MLXIndexTTS2Core.build/Objects-normal/arm64/supplementaryOutputs-2 -target arm64-apple-ios17.0 -direct-clang-cc1-module-build -Xcc -cc1 -Xcc -fansi-escape-codes -Xcc -ferror-limit -Xcc 19 -Xcc -Wdeprecated-objc-isa-usage -Xcc -Werror\=deprecated-objc-isa-usage -Xcc -Werror\=implicit-function-declaration -Xcc -Wno-elaborated-enum-base -Xcc -Wno-error\=allocator-wrappers -Xcc -disable-free -Xcc -fno-pch-timestamp -Xcc -fsyntax-only -Xcc -x -Xcc objective-c -Xcc \<swift-imported-modules\> -Xcc -target-abi -Xcc darwinpcs -Xcc -target-cpu -Xcc apple-a12 -Xcc -target-feature -Xcc +v8.3a -Xcc -target-feature -Xcc +aes -Xcc -target-feature -Xcc +complxnum -Xcc -target-feature -Xcc +crc -Xcc -target-feature -Xcc +fp-armv8 -Xcc -target-feature -Xcc +fullfp16 -Xcc -target-feature -Xcc +jsconv -Xcc -target-feature -Xcc +lse -Xcc -target-feature -Xcc +neon -Xcc -target-feature -Xcc +pauth -Xcc -target-feature -Xcc +perfmon -Xcc -target-feature -Xcc +ras -Xcc -target-feature -Xcc +rcpc -Xcc -target-feature -Xcc +rdm -Xcc -target-feature -Xcc +sha2 -Xcc -triple -Xcc arm64-apple-ios26.5.0 -Xcc -target-linker-version -Xcc 1267 -Xcc -target-sdk-version\=26.5 -Xcc -fmodules-validate-system-headers -Xcc -fno-modulemap-allow-subdirectory-search -Xcc -isysroot -Xcc /Applications/Xcode_26.6.app/Contents/Developer/Platforms/iPhoneOS.platform/Developer/SDKs/iPhoneOS26.5.sdk -Xcc -resource-dir -Xcc /Applications/Xcode_26.6.app/Contents/Developer/Toolchains/XcodeDefault.xctoolchain/usr/lib/swift/clang -Xcc -fmodule-format\=obj -Xcc -fapinotes-swift-version\=5 -Xcc -std\=gnu11 -Xcc -fapinotes-modules -Xcc -fexceptions -Xcc -fskip-odr-check-in-gmf -Xcc -fmodules -Xcc -fno-implicit-modules -Xcc -fretain-comments-from-system-headers -Xcc -fobjc-exceptions -Xcc -fmax-type-align\=16 -Xcc -fstack-check -Xcc -fvisibility-inlines-hidden-static-local-var -Xcc -fmodule-feature -Xcc swift -Xcc -fno-odr-hash-protocols -Xcc -pic-level -Xcc 2 -Xcc -fencode-extended-block-signature -Xcc -stack-protector -Xcc 1 -Xcc -fobjc-runtime\=ios-26.5.0 -Xcc -fobjc-arc -Xcc -fobjc-runtime-has-weak -Xcc -fobjc-weak -Xcc -fgnuc-version\=4.2.1 -Xcc -fblocks -Xcc -fno-convergent-functions -Xcc -ffp-contract\=on -Xcc -fclang-abi-compat\=4.0 -Xcc -fno-experimental-relative-c++-abi-vtables -Xcc -fno-file-reproducible -Xcc -clang-vendor-feature\=+disableNonDependentMemberExprInCurrentInstantiation -Xcc -clang-vendor-feature\=+enableAggressiveVLAFolding -Xcc -clang-vendor-feature\=+revert09abecef7bbf -Xcc -clang-vendor-feature\=+thisNoAlignAttr -Xcc -clang-vendor-feature\=+thisNoNullAttr -Xcc -clang-vendor-feature\=+disableAtImportPrivateFrameworkInImplementationError -Xcc -O0 -Xcc -fno-assume-unique-vtables -Xcc -fcommon -Xcc -fdwarf2-cfi-asm -Xcc -fobjc-msgsend-selector-stubs -Xcc -fregister-global-dtors-with-atexit -Xcc -fno-strict-return -Xcc -debugger-tuning\=lldb -Xcc -disable-llvm-verifier -Xcc -funwind-tables\=1 -Xcc -enable-tlsdesc -Xcc -clear-ast-before-backend -Xcc -discard-value-names -Xcc -mframe-pointer\=non-leaf -Xcc -fno-loop-interchange -Xcc -save-temps\=obj -Xcc -fdiagnostics-hotness-threshold\=0 -Xcc -fdiagnostics-misexpect-tolerance\=0 -Xcc -D -Xcc __swift__\=51000 -Xcc -D -Xcc _ISO646_H_ -Xcc -D -Xcc __ISO646_H -Xcc -D -Xcc SWIFT_SDK_OVERLAY_APPKIT_EPOCH\=2 -Xcc -D -Xcc SWIFT_SDK_OVERLAY_FOUNDATION_EPOCH\=8 -Xcc -D -Xcc SWIFT_SDK_OVERLAY2_SCENEKIT_EPOCH\=3 -Xcc -D -Xcc SWIFT_SDK_OVERLAY_GAMEPLAYKIT_EPOCH\=1 -Xcc -D -Xcc SWIFT_SDK_OVERLAY_SPRITEKIT_EPOCH\=1 -Xcc -D -Xcc SWIFT_SDK_OVERLAY_COREIMAGE_EPOCH\=2 -Xcc -D -Xcc SWIFT_SDK_OVERLAY_DISPATCH_EPOCH\=2 -Xcc -D -Xcc SWIFT_SDK_OVERLAY_PTHREAD_EPOCH\=1 -Xcc -D -Xcc SWIFT_SDK_OVERLAY_COREGRAPHICS_EPOCH\=0 -Xcc -D -Xcc SWIFT_SDK_OVERLAY_UIKIT_EPOCH\=2 -Xcc -D -Xcc SWIFT_CLASS_EXTRA\= -Xcc -D -Xcc __SWIFT_ATTR_SUPPORTS_SENDABLE_DECLS\=1 -Xcc -D -Xcc __SWIFT_COMPILER_VERSION\=6003003001003 -Xcc -D -Xcc __SWIFT_ATTR_SUPPORTS_SENDING\=1 -Xcc -D -Xcc _LIBCPP_HARDENING_MODE\=_LIBCPP_HARDENING_MODE_DEBUG -Xcc -D -Xcc DEBUG\=1 -Xcc -fdefine-target-os-macros -load-resolved-plugin /Applications/Xcode_26.6.app/Contents/Developer/Platforms/iPhoneOS.platform/Developer/usr/lib/swift/host/plugins/libFoundationMacros.dylib\#/Applications/Xcode_26.6.app/Contents/Developer/Platforms/iPhoneOS.platform/Developer/usr/bin/swift-plugin-server\#FoundationMacros -load-resolved-plugin /Applications/Xcode_26.6.app/Contents/Developer/Platforms/iPhoneOS.platform/Developer/usr/lib/swift/host/plugins/libObservationMacros.dylib\#/Applications/Xcode_26.6.app/Contents/Developer/Platforms/iPhoneOS.platform/Developer/usr/bin/swift-plugin-server\#ObservationMacros -load-resolved-plugin /Applications/Xcode_26.6.app/Contents/Developer/Platforms/iPhoneOS.platform/Developer/usr/lib/swift/host/plugins/libSwiftMacros.dylib\#/Applications/Xcode_26.6.app/Contents/Developer/Platforms/iPhoneOS.platform/Developer/usr/bin/swift-plugin-server\#SwiftMacros -read-legacy-type-info-path\=/Applications/Xcode_26.6.app/Contents/Developer/Toolchains/XcodeDefault.xctoolchain/usr/lib/swift/iphoneos/layouts-arm64.yaml -clang-include-tree-filelist llvmcas://2b0e716a54cc20ee932319493cdc88ef21fcea27fa32f8c59bcd360e5275a10f -disable-implicit-swift-modules -Xcc -fno-implicit-modules -Xcc -fno-implicit-module-maps -explicit-swift-module-map-file llvmcas://72bd5941c8d0bfcd120d4442ac52924fd08ff6f5e70f1ef15c7e4685da19191b -debug-module-path /Users/runner/work/huamei-indexTTS/huamei-indexTTS/DerivedData/Build/Intermediates.noindex/HuameiIndexTTS.build/Debug-iphoneos/MLXIndexTTS2Core.build/Objects-normal/arm64/MLXIndexTTS2Core.swiftmodule -Xllvm -aarch64-use-tbi -enable-objc-interop -stack-check -sdk /Applications/Xcode_26.6.app/Contents/Developer/Platforms/iPhoneOS.platform/Developer/SDKs/iPhoneOS26.5.sdk -I /Users/runner/work/huamei-indexTTS/huamei-indexTTS/DerivedData/Build/Products/Debug-iphoneos -F /Users/runner/work/huamei-indexTTS/huamei-indexTTS/DerivedData/Build/Products/Debug-iphoneos/PackageFrameworks -F /Users/runner/work/huamei-indexTTS/huamei-indexTTS/DerivedData/Build/Products/Debug-iphoneos/PackageFrameworks -F /Users/runner/work/huamei-indexTTS/huamei-indexTTS/DerivedData/Build/Products/Debug-iphoneos/PackageFrameworks -F /Users/runner/work/huamei-indexTTS/huamei-indexTTS/DerivedData/Build/Products/Debug-iphoneos/PackageFrameworks -F /Users/runner/work/huamei-indexTTS/huamei-indexTTS/DerivedData/Build/Products/Debug-iphoneos/PackageFrameworks -F /Users/runner/work/huamei-indexTTS/huamei-indexTTS/DerivedData/Build/Products/Debug-iphoneos/PackageFrameworks -F /Users/runner/work/huamei-indexTTS/huamei-indexTTS/DerivedData/Build/Products/Debug-iphoneos/PackageFrameworks -F /Users/runner/work/huamei-indexTTS/huamei-indexTTS/DerivedData/Build/Products/Debug-iphoneos/PackageFrameworks -F /Users/runner/work/huamei-indexTTS/huamei-indexTTS/DerivedData/Build/Products/Debug-iphoneos/PackageFrameworks -F /Users/runner/work/huamei-indexTTS/huamei-indexTTS/DerivedData/Build/Products/Debug-iphoneos/PackageFrameworks -F /Users/runner/work/huamei-indexTTS/huamei-indexTTS/DerivedData/Build/Products/Debug-iphoneos -no-color-diagnostics -enable-testing -g -debug-info-format\=dwarf -dwarf-version\=4 -module-cache-path /Users/runner/work/huamei-indexTTS/huamei-indexTTS/DerivedData/Build/Intermediates.noindex/SwiftExplicitPrecompiledModules -swift-version 5 -Onone -D DEBUG -serialize-debugging-options -const-gather-protocols-file /Users/runner/work/huamei-indexTTS/huamei-indexTTS/DerivedData/Build/Intermediates.noindex/HuameiIndexTTS.build/Debug-iphoneos/MLXIndexTTS2Core.build/Objects-normal/arm64/MLXIndexTTS2Core_const_extract_protocols.json -enable-experimental-feature DebugDescriptionMacro -enable-bare-slash-regex -empty-abi-descriptor -validate-clang-modules-once -clang-build-session-file /Users/runner/work/huamei-indexTTS/huamei-indexTTS/DerivedData/ModuleCache.noindex/Session.modulevalidation -enable-anonymous-context-mangled-names -file-compilation-dir /Users/runner/work/huamei-indexTTS/huamei-indexTTS/ios -cache-compile-job -cas-path /Users/runner/work/huamei-indexTTS/huamei-indexTTS/DerivedData/CompilationCache.noindex/builtin -auto-bridging-header-chaining -module-name MLXIndexTTS2Core -frontend-parseable-output -disable-clang-spi -clang-target arm64-apple-ios26.5 -target-sdk-version 26.5 -target-sdk-name iphoneos26.5 -in-process-plugin-server-path /Applications/Xcode_26.6.app/Contents/Developer/Toolchains/XcodeDefault.xctoolchain/usr/lib/swift/host/libSwiftInProcPluginServer.dylib -o /Users/runner/work/huamei-indexTTS/huamei-indexTTS/DerivedData/Build/Intermediates.noindex/HuameiIndexTTS.build/Debug-iphoneos/MLXIndexTTS2Core.build/Objects-normal/arm64/GPTGenerator.o -o /Users/runner/work/huamei-indexTTS/huamei-indexTTS/DerivedData/Build/Intermediates.noindex/HuameiIndexTTS.build/Debug-iphoneos/MLXIndexTTS2Core.build/Objects-normal/arm64/Ops.o -o /Users/runner/work/huamei-indexTTS/huamei-indexTTS/DerivedData/Build/Intermediates.noindex/HuameiIndexTTS.build/Debug-iphoneos/MLXIndexTTS2Core.build/Objects-normal/arm64/OpsCPU.o -o /Users/runner/work/huamei-indexTTS/huamei-indexTTS/DerivedData/Build/Intermediates.noindex/HuameiIndexTTS.build/Debug-iphoneos/MLXIndexTTS2Core.build/Objects-normal/arm64/PRNG.o -o /Users/runner/work/huamei-indexTTS/huamei-indexTTS/DerivedData/Build/Intermediates.noindex/HuameiIndexTTS.build/Debug-iphoneos/MLXIndexTTS2Core.build/Objects-normal/arm64/S2MelInfer.o -o /Users/runner/work/huamei-indexTTS/huamei-indexTTS/DerivedData/Build/Intermediates.noindex/HuameiIndexTTS.build/Debug-iphoneos/MLXIndexTTS2Core.build/Objects-normal/arm64/S2MelWeights.o -index-unit-output-path /HuameiIndexTTS.build/Debug-iphoneos/MLXIndexTTS2Core.build/Objects-normal/arm64/GPTGenerator.o -index-unit-output-path /HuameiIndexTTS.build/Debug-iphoneos/MLXIndexTTS2Core.build/Objects-normal/arm64/Ops.o -index-unit-output-path /HuameiIndexTTS.build/Debug-iphoneos/MLXIndexTTS2Core.build/Objects-normal/arm64/OpsCPU.o -index-unit-output-path /HuameiIndexTTS.build/Debug-iphoneos/MLXIndexTTS2Core.build/Objects-normal/arm64/PRNG.o -index-unit-output-path /HuameiIndexTTS.build/Debug-iphoneos/MLXIndexTTS2Core.build/Objects-normal/arm64/S2MelInfer.o -index-unit-output-path /HuameiIndexTTS.build/Debug-iphoneos/MLXIndexTTS2Core.build/Objects-normal/arm64/S2MelWeights.o
build	Build IPA	2026-09-05T04:14:45.6357540Z /Users/runner/work/huamei-indexTTS/huamei-indexTTS/ios/Sources/MLXIndexTTS2Core/GPTGenerator.swift:109:27: error: 'broadcast' is inaccessible due to 'internal' protection level
build	Build IPA	2026-09-05T04:14:45.6358430Z         fullSeq = fullSeq.broadcast(to: [1, fullSeq.shape[0], d].asInt32)
build	Build IPA	2026-09-05T04:14:45.6358840Z                           ^~~~~~~~~
build	Build IPA	2026-09-05T04:14:45.6359290Z MLX.MLXArray.broadcast:2:15: note: 'broadcast(to:stream:)' declared here
build	Build IPA	2026-09-05T04:14:45.6359980Z internal func broadcast(to shape: [Int32], stream: MLX.StreamOrDevice = .default) -> MLX.MLXArray}
build	Build IPA	2026-09-05T04:14:45.6360460Z               ^
build	Build IPA	2026-09-05T04:14:45.6361220Z /Users/runner/work/huamei-indexTTS/huamei-indexTTS/ios/Sources/MLXIndexTTS2Core/GPTGenerator.swift:109:66: error: 'asInt32' is inaccessible due to 'internal' protection level
build	Build IPA	2026-09-05T04:14:45.6362730Z         fullSeq = fullSeq.broadcast(to: [1, fullSeq.shape[0], d].asInt32)
build	Build IPA	2026-09-05T04:14:45.6363180Z                                                                  ^~~~~~~
build	Build IPA	2026-09-05T04:14:45.6363570Z MLX.Array<Int>.asInt32:2:25: note: 'asInt32' declared here
build	Build IPA	2026-09-05T04:14:45.6364000Z @inlinable internal var asInt32: [Int32] { get }}
build	Build IPA	2026-09-05T04:14:45.6364310Z                         ^
build	Build IPA	2026-09-05T04:14:45.6365040Z /Users/runner/work/huamei-indexTTS/huamei-indexTTS/ios/Sources/MLXIndexTTS2Core/GPTGenerator.swift:127:51: error: cannot find 'rng' in scope
build	Build IPA	2026-09-05T04:14:45.6365830Z                                             rng: &rng)
build	Build IPA	2026-09-05T04:14:45.6366270Z                                                   ^~~
build	Build IPA	2026-09-05T04:14:45.6367770Z /Users/runner/work/huamei-indexTTS/huamei-indexTTS/ios/Sources/MLXIndexTTS2Core/GPTGenerator.swift:135:59: error: 'asInt32' is inaccessible due to 'internal' protection level
build	Build IPA	2026-09-05T04:14:45.6368520Z             let emb = (row + pos).broadcast(to: [1, 1, d].asInt32)
build	Build IPA	2026-09-05T04:14:45.6368940Z                                                           ^~~~~~~
build	Build IPA	2026-09-05T04:14:45.6369550Z MLX.Array<Int>.asInt32:2:25: note: 'asInt32' declared here
build	Build IPA	2026-09-05T04:14:45.6370010Z @inlinable internal var asInt32: [Int32] { get }}
build	Build IPA	2026-09-05T04:14:45.6370390Z                         ^
build	Build IPA	2026-09-05T04:14:45.6371040Z /Users/runner/work/huamei-indexTTS/huamei-indexTTS/ios/Sources/MLXIndexTTS2Core/S2MelInfer.swift:22:32: error: 'broadcast' is inaccessible due to 'internal' protection level
build	Build IPA	2026-09-05T04:14:45.6372030Z         var h = Ops.linear(emb.broadcast(to: [1, 256].asInt32), w: w.tEmbW[0], b: w.tEmbW[1])
build	Build IPA	2026-09-05T04:14:45.6372920Z                                ^~~~~~~~~
build	Build IPA	2026-09-05T04:14:45.6373320Z MLX.MLXArray.broadcast:2:15: note: 'broadcast(to:stream:)' declared here
build	Build IPA	2026-09-05T04:14:45.6373870Z internal func broadcast(to shape: [Int32], stream: MLX.StreamOrDevice = .default) -> MLX.MLXArray}
build	Build IPA	2026-09-05T04:14:45.6374390Z               ^
build	Build IPA	2026-09-05T04:14:45.6375180Z /Users/runner/work/huamei-indexTTS/huamei-indexTTS/ios/Sources/MLXIndexTTS2Core/S2MelInfer.swift:22:55: error: 'asInt32' is inaccessible due to 'internal' protection level
build	Build IPA	2026-09-05T04:14:45.6376080Z         var h = Ops.linear(emb.broadcast(to: [1, 256].asInt32), w: w.tEmbW[0], b: w.tEmbW[1])
build	Build IPA	2026-09-05T04:14:45.6376990Z                                                       ^~~~~~~
build	Build IPA	2026-09-05T04:14:45.6377410Z MLX.Array<Int>.asInt32:2:25: note: 'asInt32' declared here
build	Build IPA	2026-09-05T04:14:45.6377930Z @inlinable internal var asInt32: [Int32] { get }}
build	Build IPA	2026-09-05T04:14:45.6378230Z                         ^
build	Build IPA	2026-09-05T04:14:45.6378930Z /Users/runner/work/huamei-indexTTS/huamei-indexTTS/ios/Sources/MLXIndexTTS2Core/S2MelInfer.swift:30:30: error: 'broadcast' is inaccessible due to 'internal' protection level
build	Build IPA	2026-09-05T04:14:45.6380280Z         let m = Ops.linear(c.broadcast(to: [1, 512].asInt32), w: pw, b: pb).reshaped([-1])   // [1024]
build	Build IPA	2026-09-05T04:14:45.6380690Z                              ^~~~~~~~~
build	Build IPA	2026-09-05T04:14:45.6381120Z MLX.MLXArray.broadcast:2:15: note: 'broadcast(to:stream:)' declared here
build	Build IPA	2026-09-05T04:14:45.6382370Z internal func broadcast(to shape: [Int32], stream: MLX.StreamOrDevice = .default) -> MLX.MLXArray}
build	Build IPA	2026-09-05T04:14:45.6383240Z               ^
build	Build IPA	2026-09-05T04:14:45.6384320Z /Users/runner/work/huamei-indexTTS/huamei-indexTTS/ios/Sources/MLXIndexTTS2Core/S2MelInfer.swift:30:53: error: 'asInt32' is inaccessible due to 'internal' protection level
build	Build IPA	2026-09-05T04:14:45.6385400Z         let m = Ops.linear(c.broadcast(to: [1, 512].asInt32), w: pw, b: pb).reshaped([-1])   // [1024]
build	Build IPA	2026-09-05T04:14:45.6385860Z                                                     ^~~~~~~
build	Build IPA	2026-09-05T04:14:45.6386270Z MLX.Array<Int>.asInt32:2:25: note: 'asInt32' declared here
build	Build IPA	2026-09-05T04:14:45.6386670Z @inlinable internal var asInt32: [Int32] { get }}
build	Build IPA	2026-09-05T04:14:45.6387000Z                         ^
build	Build IPA	2026-09-05T04:14:45.6387680Z /Users/runner/work/huamei-indexTTS/huamei-indexTTS/ios/Sources/MLXIndexTTS2Core/S2MelInfer.swift:42:52: error: 'asInt32' is inaccessible due to 'internal' protection level
build	Build IPA	2026-09-05T04:14:45.6388600Z         let t1 = timeEmb(t).broadcast(to: [B, 512].asInt32)                       // [B,512]
build	Build IPA	2026-09-05T04:14:45.6389020Z                                                    ^~~~~~~
build	Build IPA	2026-09-05T04:14:45.6389400Z MLX.Array<Int>.asInt32:2:25: note: 'asInt32' declared here
build	Build IPA	2026-09-05T04:14:45.6389780Z @inlinable internal var asInt32: [Int32] { get }}
build	Build IPA	2026-09-05T04:14:45.6390610Z                         ^
build	Build IPA	2026-09-05T04:14:45.6391320Z /Users/runner/work/huamei-indexTTS/huamei-indexTTS/ios/Sources/MLXIndexTTS2Core/S2MelInfer.swift:42:29: error: 'broadcast' is inaccessible due to 'internal' protection level
build	Build IPA	2026-09-05T04:14:45.6392430Z         let t1 = timeEmb(t).broadcast(to: [B, 512].asInt32)                       // [B,512]
build	Build IPA	2026-09-05T04:14:45.6392890Z                             ^~~~~~~~~
build	Build IPA	2026-09-05T04:14:45.6393300Z MLX.MLXArray.broadcast:2:15: note: 'broadcast(to:stream:)' declared here
build	Build IPA	2026-09-05T04:14:45.6393860Z internal func broadcast(to shape: [Int32], stream: MLX.StreamOrDevice = .default) -> MLX.MLXArray}
build	Build IPA	2026-09-05T04:14:45.6394290Z               ^
build	Build IPA	2026-09-05T04:14:45.6395390Z /Users/runner/work/huamei-indexTTS/huamei-indexTTS/ios/Sources/MLXIndexTTS2Core/S2MelInfer.swift:51:67: error: 'asInt32' is inaccessible due to 'internal' protection level
build	Build IPA	2026-09-05T04:14:45.6396120Z         let styleT = style.broadcast(to: [1, T, TTSConfig.spkDim].asInt32)
build	Build IPA	2026-09-05T04:14:45.6396570Z                                                                   ^~~~~~~
build	Build IPA	2026-09-05T04:14:45.6397370Z MLX.Array<Int>.asInt32:2:25: note: 'asInt32' declared here
build	Build IPA	2026-09-05T04:14:45.6398400Z @inlinable internal var asInt32: [Int32] { get }}
build	Build IPA	2026-09-05T04:14:45.6398870Z                         ^
build	Build IPA	2026-09-05T04:14:45.6399640Z /Users/runner/work/huamei-indexTTS/huamei-indexTTS/ios/Sources/MLXIndexTTS2Core/S2MelInfer.swift:51:28: error: 'broadcast' is inaccessible due to 'internal' protection level
build	Build IPA	2026-09-05T04:14:45.6400470Z         let styleT = style.broadcast(to: [1, T, TTSConfig.spkDim].asInt32)
build	Build IPA	2026-09-05T04:14:45.6400970Z                            ^~~~~~~~~
build	Build IPA	2026-09-05T04:14:45.6401370Z MLX.MLXArray.broadcast:2:15: note: 'broadcast(to:stream:)' declared here
build	Build IPA	2026-09-05T04:14:45.6402260Z internal func broadcast(to shape: [Int32], stream: MLX.StreamOrDevice = .default) -> MLX.MLXArray}
build	Build IPA	2026-09-05T04:14:45.6402950Z               ^
build	Build IPA	2026-09-05T04:14:45.6403640Z /Users/runner/work/huamei-indexTTS/huamei-indexTTS/ios/Sources/MLXIndexTTS2Core/S2MelInfer.swift:79:72: error: 'asInt32' is inaccessible due to 'internal' protection level
build	Build IPA	2026-09-05T04:14:45.6404520Z             let qB = q.transposed(1, 0, 2).broadcast(to: [1, H, T, HD].asInt32)
build	Build IPA	2026-09-05T04:14:45.6405010Z                                                                        ^~~~~~~
build	Build IPA	2026-09-05T04:14:45.6405370Z MLX.Array<Int>.asInt32:2:25: note: 'asInt32' declared here
build	Build IPA	2026-09-05T04:14:45.6405920Z @inlinable internal var asInt32: [Int32] { get }}
build	Build IPA	2026-09-05T04:14:45.6406350Z                         ^
build	Build IPA	2026-09-05T04:14:45.6407010Z /Users/runner/work/huamei-indexTTS/huamei-indexTTS/ios/Sources/MLXIndexTTS2Core/S2MelInfer.swift:80:72: error: 'asInt32' is inaccessible due to 'internal' protection level
build	Build IPA	2026-09-05T04:14:45.6408220Z             let kB = k.transposed(1, 0, 2).broadcast(to: [1, H, T, HD].asInt32)
build	Build IPA	2026-09-05T04:14:45.6408660Z                                                                        ^~~~~~~
build	Build IPA	2026-09-05T04:14:45.6409130Z MLX.Array<Int>.asInt32:2:25: note: 'asInt32' declared here
build	Build IPA	2026-09-05T04:14:45.6409630Z @inlinable internal var asInt32: [Int32] { get }}
build	Build IPA	2026-09-05T04:14:45.6409910Z                         ^
build	Build IPA	2026-09-05T04:14:45.6410590Z /Users/runner/work/huamei-indexTTS/huamei-indexTTS/ios/Sources/MLXIndexTTS2Core/S2MelInfer.swift:81:72: error: 'asInt32' is inaccessible due to 'internal' protection level
build	Build IPA	2026-09-05T04:14:45.6411460Z             let vB = v.transposed(1, 0, 2).broadcast(to: [1, H, T, HD].asInt32)
build	Build IPA	2026-09-05T04:14:45.6412290Z                                                                        ^~~~~~~
build	Build IPA	2026-09-05T04:14:45.6412790Z MLX.Array<Int>.asInt32:2:25: note: 'asInt32' declared here
build	Build IPA	2026-09-05T04:14:45.6413230Z @inlinable internal var asInt32: [Int32] { get }}
build	Build IPA	2026-09-05T04:14:45.6413560Z                         ^
build	Build IPA	2026-09-05T04:14:45.6415000Z /Users/runner/work/huamei-indexTTS/huamei-indexTTS/ios/Sources/MLXIndexTTS2Core/S2MelInfer.swift:108:47: error: 'asInt32' is inaccessible due to 'internal' protection level
build	Build IPA	2026-09-05T04:14:45.6415790Z         let g2 = t2.broadcast(to: [1, 512, 1].asInt32)
build	Build IPA	2026-09-05T04:14:45.6416220Z                                               ^~~~~~~
build	Build IPA	2026-09-05T04:14:45.6416680Z MLX.Array<Int>.asInt32:2:25: note: 'asInt32' declared here
build	Build IPA	2026-09-05T04:14:45.6417520Z @inlinable internal var asInt32: [Int32] { get }}
build	Build IPA	2026-09-05T04:14:45.6417860Z                         ^
build	Build IPA	2026-09-05T04:14:45.6418530Z /Users/runner/work/huamei-indexTTS/huamei-indexTTS/ios/Sources/MLXIndexTTS2Core/S2MelInfer.swift:108:21: error: 'broadcast' is inaccessible due to 'internal' protection level
build	Build IPA	2026-09-05T04:14:45.6419440Z         let g2 = t2.broadcast(to: [1, 512, 1].asInt32)
build	Build IPA	2026-09-05T04:14:45.6445690Z                     ^~~~~~~~~
build	Build IPA	2026-09-05T04:14:45.6446170Z MLX.MLXArray.broadcast:2:15: note: 'broadcast(to:stream:)' declared here
build	Build IPA	2026-09-05T04:14:45.6446770Z internal func broadcast(to shape: [Int32], stream: MLX.StreamOrDevice = .default) -> MLX.MLXArray}
build	Build IPA	2026-09-05T04:14:45.6447170Z               ^
build	Build IPA	2026-09-05T04:14:45.6447980Z /Users/runner/work/huamei-indexTTS/huamei-indexTTS/ios/Sources/MLXIndexTTS2Core/S2MelInfer.swift:132:29: error: value of type 'MLXArray' has no member 'expanded'
build	Build IPA	2026-09-05T04:14:45.6449330Z             let gs = gslice.expanded(to: [1, 2 * ch, xIn.shape[2]])
build	Build IPA	2026-09-05T04:14:45.6449730Z                      ~~~~~~ ^~~~~~~~
build	Build IPA	2026-09-05T04:14:45.6450450Z /Users/runner/work/huamei-indexTTS/huamei-indexTTS/ios/Sources/MLXIndexTTS2Core/S2MelInfer.swift:163:30: error: 'broadcast' is inaccessible due to 'internal' protection level
build	Build IPA	2026-09-05T04:14:45.6451110Z         let m = Ops.linear(s.broadcast(to: [1, 512].asInt32),
build	Build IPA	2026-09-05T04:14:45.6451390Z                              ^~~~~~~~~
build	Build IPA	2026-09-05T04:14:45.6451770Z MLX.MLXArray.broadcast:2:15: note: 'broadcast(to:stream:)' declared here
build	Build IPA	2026-09-05T04:14:45.6452380Z internal func broadcast(to shape: [Int32], stream: MLX.StreamOrDevice = .default) -> MLX.MLXArray}
build	Build IPA	2026-09-05T04:14:45.6452880Z               ^
build	Build IPA	2026-09-05T04:14:45.6453600Z /Users/runner/work/huamei-indexTTS/huamei-indexTTS/ios/Sources/MLXIndexTTS2Core/S2MelInfer.swift:163:53: error: 'asInt32' is inaccessible due to 'internal' protection level
build	Build IPA	2026-09-05T04:14:45.6454230Z         let m = Ops.linear(s.broadcast(to: [1, 512].asInt32),
build	Build IPA	2026-09-05T04:14:45.6454780Z                                                     ^~~~~~~
build	Build IPA	2026-09-05T04:14:45.6455130Z MLX.Array<Int>.asInt32:2:25: note: 'asInt32' declared here
build	Build IPA	2026-09-05T04:14:45.6455410Z @inlinable internal var asInt32: [Int32] { get }}
build	Build IPA	2026-09-05T04:14:45.6455730Z                         ^
build	Build IPA	2026-09-05T04:14:45.6456770Z /Users/runner/work/huamei-indexTTS/huamei-indexTTS/ios/Sources/MLXIndexTTS2Core/S2MelInfer.swift:209:13: warning: immutable value 'B' was never used; consider replacing with '_' or removing it
build	Build IPA	2026-09-05T04:14:45.6457500Z         let B = mu.shape[0], T = mu.shape[1]
build	Build IPA	2026-09-05T04:14:45.6457790Z             ^
build	Build IPA	2026-09-05T04:14:45.6458030Z             _
build	Build IPA	2026-09-05T04:14:45.6458640Z /Users/runner/work/huamei-indexTTS/huamei-indexTTS/ios/Sources/MLXIndexTTS2Core/S2MelInfer.swift:261:14: warning: immutable value 'b' was never used; consider replacing with '_' or removing it
build	Build IPA	2026-09-05T04:14:45.6459400Z         let (b, c, t) = (dstShape[0], dstShape[1], dstShape[2])
build	Build IPA	2026-09-05T04:14:45.6459810Z              ^
build	Build IPA	2026-09-05T04:14:45.6460240Z              _
build	Build IPA	2026-09-05T04:14:45.6629890Z ** BUILD FAILED **
build	Build IPA	2026-09-05T04:14:45.6630370Z 
build	Build IPA	2026-09-05T04:14:45.7653990Z ##[error]Process completed with exit code 65.
build	Check for DerivedData	﻿2026-09-05T04:14:45.7737430Z ##[group]Run if [ -d DerivedData ]; then echo "exists=yes" >> $GITHUB_OUTPUT; fi
build	Check for DerivedData	2026-09-05T04:14:45.7737990Z [36;1mif [ -d DerivedData ]; then echo "exists=yes" >> $GITHUB_OUTPUT; fi[0m
build	Check for DerivedData	2026-09-05T04:14:45.9170160Z shell: /bin/bash -e {0}
build	Check for DerivedData	2026-09-05T04:14:45.9170390Z env:
build	Check for DerivedData	2026-09-05T04:14:45.9170590Z   MD_APPLE_SDK_ROOT: /Applications/Xcode_26.6.app
build	Check for DerivedData	2026-09-05T04:14:45.9170850Z ##[endgroup]
build	Save DerivedData cache	﻿2026-09-05T04:14:45.9816920Z ##[group]Run actions/cache/save@v6
build	Save DerivedData cache	2026-09-05T04:14:45.9817180Z with:
build	Save DerivedData cache	2026-09-05T04:14:45.9817330Z   path: DerivedData
build	Save DerivedData cache	2026-09-05T04:14:45.9817520Z   key: deriveddata-33943990610
build	Save DerivedData cache	2026-09-05T04:14:45.9817740Z   enableCrossOsArchive: false
build	Save DerivedData cache	2026-09-05T04:14:45.9817940Z env:
build	Save DerivedData cache	2026-09-05T04:14:45.9818120Z   MD_APPLE_SDK_ROOT: /Applications/Xcode_26.6.app
build	Save DerivedData cache	2026-09-05T04:14:45.9818590Z ##[endgroup]
build	Save DerivedData cache	2026-09-05T04:14:46.4183510Z [command]/opt/homebrew/bin/gtar --posix -cf cache.tzst --exclude cache.tzst -P -C /Users/runner/work/huamei-indexTTS/huamei-indexTTS --files-from manifest.txt --delay-directory-restore --use-compress-program zstdmt
build	Save DerivedData cache	2026-09-05T04:14:52.2085950Z Sent 0 of 421183878 (0.0%), 0.0 MBs/sec
build	Save DerivedData cache	2026-09-05T04:14:53.2161910Z Sent 18530694 of 421183878 (4.4%), 8.8 MBs/sec
build	Save DerivedData cache	2026-09-05T04:14:54.2118050Z Sent 354075014 of 421183878 (84.1%), 112.3 MBs/sec
build	Save DerivedData cache	2026-09-05T04:14:54.2770320Z Sent 421183878 of 421183878 (100.0%), 130.7 MBs/sec
build	Save DerivedData cache	2026-09-05T04:14:54.4896160Z Cache saved with key: deriveddata-33943990610
build	Build summary	﻿2026-09-05T04:14:54.4958180Z ##[group]Run echo "## Build Summary" >> $GITHUB_STEP_SUMMARY
build	Build summary	2026-09-05T04:14:54.4958800Z [36;1mecho "## Build Summary" >> $GITHUB_STEP_SUMMARY[0m
build	Build summary	2026-09-05T04:14:54.4959270Z [36;1mecho "" >> $GITHUB_STEP_SUMMARY[0m
build	Build summary	2026-09-05T04:14:54.4959750Z [36;1mecho "- **Build ID:** huamei-0905-12138" >> $GITHUB_STEP_SUMMARY[0m
build	Build summary	2026-09-05T04:14:54.4960380Z [36;1mecho "- **Status:** failure" >> $GITHUB_STEP_SUMMARY[0m
build	Build summary	2026-09-05T04:14:54.4961250Z [36;1mecho "- **Configuration:** $CONFIGURATION" >> $GITHUB_STEP_SUMMARY[0m
build	Build summary	2026-09-05T04:14:54.4961840Z [36;1mecho "- **DerivedData Cache:** Miss" >> $GITHUB_STEP_SUMMARY[0m
build	Build summary	2026-09-05T04:14:54.4962440Z [36;1mecho "- **Pods Cache:** Miss" >> $GITHUB_STEP_SUMMARY[0m
build	Build summary	2026-09-05T04:14:54.4962920Z [36;1mecho "- **Node Modules Cache:** N/A" >> $GITHUB_STEP_SUMMARY[0m
build	Build summary	2026-09-05T04:14:54.4963330Z [36;1mif [ "$USE_SIGNING" = "true" ]; then[0m
build	Build summary	2026-09-05T04:14:54.4963740Z [36;1m  echo "- **Signing:** Signed (development)" >> $GITHUB_STEP_SUMMARY[0m
build	Build summary	2026-09-05T04:14:54.4964170Z [36;1melse[0m
build	Build summary	2026-09-05T04:14:54.4965060Z [36;1m  echo "- **Signing:** Unsigned (sign locally with AltStore/Sideloadly)" >> $GITHUB_STEP_SUMMARY[0m
build	Build summary	2026-09-05T04:14:54.4965660Z [36;1mfi[0m
build	Build summary	2026-09-05T04:14:54.4965920Z [36;1mif [ -f build/*.ipa ]; then[0m
build	Build summary	2026-09-05T04:14:54.4966320Z [36;1m  IPA_PATH=$(find build -name "*.ipa" -type f | head -1)[0m
build	Build summary	2026-09-05T04:14:54.4966910Z [36;1m  echo "- **IPA Size:** $(ls -lh "$IPA_PATH" | awk '{print $5}')" >> $GITHUB_STEP_SUMMARY[0m
build	Build summary	2026-09-05T04:14:54.4967310Z [36;1mfi[0m
build	Build summary	2026-09-05T04:14:54.5015840Z shell: /bin/bash -e {0}
build	Build summary	2026-09-05T04:14:54.5016160Z env:
build	Build summary	2026-09-05T04:14:54.5016430Z   MD_APPLE_SDK_ROOT: /Applications/Xcode_26.6.app
build	Build summary	2026-09-05T04:14:54.5016800Z   USE_SIGNING: false
build	Build summary	2026-09-05T04:14:54.5017090Z   CONFIGURATION: Debug
build	Build summary	2026-09-05T04:14:54.5017330Z ##[endgroup]
build	Post Checkout repository	﻿2026-09-05T04:14:54.5670250Z Post job cleanup.
build	Post Checkout repository	2026-09-05T04:14:54.6850610Z [command]/opt/homebrew/bin/git version
build	Post Checkout repository	2026-09-05T04:14:54.7130900Z git version 2.55.0
build	Post Checkout repository	2026-09-05T04:14:54.7151230Z Copying '/Users/runner/.gitconfig' to '/Users/runner/work/_temp/a5c27da7-95d4-4ff0-b43d-c7656bbeb4a3/.gitconfig'
build	Post Checkout repository	2026-09-05T04:14:54.7162430Z Temporarily overriding HOME='/Users/runner/work/_temp/a5c27da7-95d4-4ff0-b43d-c7656bbeb4a3' before making global git config changes
build	Post Checkout repository	2026-09-05T04:14:54.7163280Z Adding repository directory to the temporary git global config as a safe directory
build	Post Checkout repository	2026-09-05T04:14:54.7165760Z [command]/opt/homebrew/bin/git config --global --add safe.directory /Users/runner/work/huamei-indexTTS/huamei-indexTTS
build	Post Checkout repository	2026-09-05T04:14:54.7291270Z Removing SSH command configuration
build	Post Checkout repository	2026-09-05T04:14:54.7296100Z [command]/opt/homebrew/bin/git config --local --name-only --get-regexp core\.sshCommand
build	Post Checkout repository	2026-09-05T04:14:54.7366650Z [command]/opt/homebrew/bin/git submodule foreach --recursive sh -c "git config --local --name-only --get-regexp 'core\.sshCommand' && git config --local --unset-all 'core.sshCommand' || :"
build	Post Checkout repository	2026-09-05T04:14:54.8282170Z Removing HTTP extra header
build	Post Checkout repository	2026-09-05T04:14:54.8285860Z [command]/opt/homebrew/bin/git config --local --name-only --get-regexp http\.https\:\/\/github\.com\/\.extraheader
build	Post Checkout repository	2026-09-05T04:14:54.8352800Z [command]/opt/homebrew/bin/git submodule foreach --recursive sh -c "git config --local --name-only --get-regexp 'http\.https\:\/\/github\.com\/\.extraheader' && git config --local --unset-all 'http.https://github.com/.extraheader' || :"
build	Post Checkout repository	2026-09-05T04:14:54.9274590Z Removing includeIf entries pointing to credentials config files
build	Post Checkout repository	2026-09-05T04:14:54.9275870Z [command]/opt/homebrew/bin/git config --local --name-only --get-regexp ^includeIf\.gitdir:
build	Post Checkout repository	2026-09-05T04:14:54.9340380Z includeif.gitdir:/Users/runner/work/huamei-indexTTS/huamei-indexTTS/.git.path
build	Post Checkout repository	2026-09-05T04:14:54.9342350Z includeif.gitdir:/Users/runner/work/huamei-indexTTS/huamei-indexTTS/.git/worktrees/*.path
build	Post Checkout repository	2026-09-05T04:14:54.9342920Z includeif.gitdir:/github/workspace/.git.path
build	Post Checkout repository	2026-09-05T04:14:54.9343370Z includeif.gitdir:/github/workspace/.git/worktrees/*.path
build	Post Checkout repository	2026-09-05T04:14:54.9347650Z [command]/opt/homebrew/bin/git config --local --get-all includeif.gitdir:/Users/runner/work/huamei-indexTTS/huamei-indexTTS/.git.path
build	Post Checkout repository	2026-09-05T04:14:54.9407550Z /Users/runner/work/_temp/git-credentials-a60bded0-cad6-409d-b765-cd7c0655a73e.config
build	Post Checkout repository	2026-09-05T04:14:54.9416030Z [command]/opt/homebrew/bin/git config --local --unset includeif.gitdir:/Users/runner/work/huamei-indexTTS/huamei-indexTTS/.git.path \/Users\/runner\/work\/_temp\/git\-credentials\-a60bded0\-cad6\-409d\-b765\-cd7c0655a73e\.config
build	Post Checkout repository	2026-09-05T04:14:54.9489800Z [command]/opt/homebrew/bin/git config --local --get-all includeif.gitdir:/Users/runner/work/huamei-indexTTS/huamei-indexTTS/.git/worktrees/*.path
build	Post Checkout repository	2026-09-05T04:14:54.9547450Z /Users/runner/work/_temp/git-credentials-a60bded0-cad6-409d-b765-cd7c0655a73e.config
build	Post Checkout repository	2026-09-05T04:14:54.9557760Z [command]/opt/homebrew/bin/git config --local --unset includeif.gitdir:/Users/runner/work/huamei-indexTTS/huamei-indexTTS/.git/worktrees/*.path \/Users\/runner\/work\/_temp\/git\-credentials\-a60bded0\-cad6\-409d\-b765\-cd7c0655a73e\.config
build	Post Checkout repository	2026-09-05T04:14:54.9626140Z [command]/opt/homebrew/bin/git config --local --get-all includeif.gitdir:/github/workspace/.git.path
build	Post Checkout repository	2026-09-05T04:14:54.9685070Z /github/runner_temp/git-credentials-a60bded0-cad6-409d-b765-cd7c0655a73e.config
build	Post Checkout repository	2026-09-05T04:14:54.9690040Z [command]/opt/homebrew/bin/git config --local --unset includeif.gitdir:/github/workspace/.git.path \/github\/runner_temp\/git\-credentials\-a60bded0\-cad6\-409d\-b765\-cd7c0655a73e\.config
build	Post Checkout repository	2026-09-05T04:14:54.9756620Z [command]/opt/homebrew/bin/git config --local --get-all includeif.gitdir:/github/workspace/.git/worktrees/*.path
build	Post Checkout repository	2026-09-05T04:14:54.9814370Z /github/runner_temp/git-credentials-a60bded0-cad6-409d-b765-cd7c0655a73e.config
build	Post Checkout repository	2026-09-05T04:14:54.9817380Z [command]/opt/homebrew/bin/git config --local --unset includeif.gitdir:/github/workspace/.git/worktrees/*.path \/github\/runner_temp\/git\-credentials\-a60bded0\-cad6\-409d\-b765\-cd7c0655a73e\.config
build	Post Checkout repository	2026-09-05T04:14:54.9885190Z [command]/opt/homebrew/bin/git submodule foreach --recursive git config --local --show-origin --name-only --get-regexp remote.origin.url
build	Post Checkout repository	2026-09-05T04:14:55.0676920Z Removing credentials config '/Users/runner/work/_temp/git-credentials-a60bded0-cad6-409d-b765-cd7c0655a73e.config'
build	Complete job	﻿2026-09-05T04:14:55.0824930Z Cleaning up orphan processes
